Respondent.ID,Product,Instant.Liking
4300,Deodorant B,0
4301,Deodorant B,0
4302,Deodorant B,0
4303,Deodorant B,0
4304,Deodorant B,0
4305,Deodorant B,0
4306,Deodorant B,0
4307,Deodorant B,0
4308,Deodorant B,0
4309,Deodorant B,0
4310,Deodorant B,0
4311,Deodorant B,0
4312,Deodorant B,0
4313,Deodorant B,0
4314,Deodorant B,0
4315,Deodorant B,0
4316,Deodorant B,0
4317,Deodorant B,0
4318,Deodorant B,0
4319,Deodorant B,0
4320,Deodorant B,0
4321,Deodorant B,0
4322,Deodorant B,0
4323,Deodorant B,0
4324,Deodorant B,0
4325,Deodorant B,0
4326,Deodorant B,0
4327,Deodorant B,0
4328,Deodorant B,0
4329,Deodorant B,0
4330,Deodorant B,0
4331,Deodorant B,0
4332,Deodorant B,0
4333,Deodorant B,0
4334,Deodorant B,0
4335,Deodorant B,0
4336,Deodorant B,0
4337,Deodorant B,0
4338,Deodorant B,0
4339,Deodorant B,0
4340,Deodorant B,0
4341,Deodorant B,0
4342,Deodorant B,0
4343,Deodorant B,0
4344,Deodorant B,0
4345,Deodorant B,0
4346,Deodorant B,0
4347,Deodorant B,0
4348,Deodorant B,0
4349,Deodorant B,0
4350,Deodorant B,0
4351,Deodorant B,0
4352,Deodorant B,0
4353,Deodorant B,0
4354,Deodorant B,0
4355,Deodorant B,0
4356,Deodorant B,0
4357,Deodorant B,0
4358,Deodorant B,0
4359,Deodorant B,0
4360,Deodorant B,0
4361,Deodorant B,0
4362,Deodorant B,0
4363,Deodorant B,0
4364,Deodorant B,0
4365,Deodorant B,0
4366,Deodorant B,0
4367,Deodorant B,0
4368,Deodorant B,0
4369,Deodorant B,0
4370,Deodorant B,0
4371,Deodorant B,0
4372,Deodorant B,0
4373,Deodorant B,0
4374,Deodorant B,0
4375,Deodorant B,0
4376,Deodorant B,0
4377,Deodorant B,0
4378,Deodorant B,0
4379,Deodorant B,0
4380,Deodorant B,0
4381,Deodorant B,0
4382,Deodorant B,0
4383,Deodorant B,0
4384,Deodorant B,0
4385,Deodorant B,0
4386,Deodorant B,0
4387,Deodorant B,0
4388,Deodorant B,0
4389,Deodorant B,0
4390,Deodorant B,0
4391,Deodorant B,0
4392,Deodorant B,0
4393,Deodorant B,0
4394,Deodorant B,0
4395,Deodorant B,0
4396,Deodorant B,0
4397,Deodorant B,0
4398,Deodorant B,0
4399,Deodorant B,0
4400,Deodorant B,0
4401,Deodorant B,0
4402,Deodorant B,0
4403,Deodorant B,0
4404,Deodorant B,0
4405,Deodorant B,0
4406,Deodorant B,0
4407,Deodorant B,0
4408,Deodorant B,0
4409,Deodorant B,0
4410,Deodorant B,0
4411,Deodorant B,0
4412,Deodorant B,0
4413,Deodorant B,0
4414,Deodorant B,0
4415,Deodorant B,0
4416,Deodorant B,0
4417,Deodorant B,0
4418,Deodorant B,0
4419,Deodorant B,0
4420,Deodorant B,0
4421,Deodorant B,0
4422,Deodorant B,0
4423,Deodorant B,0
4424,Deodorant B,0
4425,Deodorant B,0
4426,Deodorant B,0
4427,Deodorant B,0
4428,Deodorant B,0
4429,Deodorant B,0
4430,Deodorant B,0
4431,Deodorant B,0
4432,Deodorant B,0
4433,Deodorant B,0
4434,Deodorant B,0
4435,Deodorant B,0
4436,Deodorant B,0
4437,Deodorant B,0
4438,Deodorant B,0
4439,Deodorant B,0
4440,Deodorant B,0
4441,Deodorant B,0
4442,Deodorant B,0
4443,Deodorant B,0
4444,Deodorant B,0
4445,Deodorant B,0
4446,Deodorant B,0
4447,Deodorant B,0
4448,Deodorant B,0
4449,Deodorant B,0
4450,Deodorant B,0
4451,Deodorant B,0
4452,Deodorant B,0
4453,Deodorant B,0
4454,Deodorant B,0
4455,Deodorant B,0
4456,Deodorant B,0
4457,Deodorant B,0
4458,Deodorant B,0
4459,Deodorant B,0
4460,Deodorant B,0
4461,Deodorant B,0
4462,Deodorant B,0
4463,Deodorant B,0
4464,Deodorant B,0
4465,Deodorant B,0
4466,Deodorant B,0
4467,Deodorant B,0
4468,Deodorant B,0
4469,Deodorant B,0
4470,Deodorant B,0
4471,Deodorant B,0
4472,Deodorant B,0
4473,Deodorant B,0
4474,Deodorant B,0
4475,Deodorant B,0
4476,Deodorant B,0
4477,Deodorant B,0
4478,Deodorant B,0
4479,Deodorant B,0
4480,Deodorant B,0
4481,Deodorant B,0
4482,Deodorant B,0
4483,Deodorant B,0
4484,Deodorant B,0
4485,Deodorant B,0
4486,Deodorant B,0
4487,Deodorant B,0
4488,Deodorant B,0
4489,Deodorant B,0
4490,Deodorant B,0
4491,Deodorant B,0
4492,Deodorant B,0
4493,Deodorant B,0
4494,Deodorant B,0
4495,Deodorant B,0
4496,Deodorant B,0
4497,Deodorant B,0
4498,Deodorant B,0
4499,Deodorant B,0
4500,Deodorant B,0
4501,Deodorant B,0
4502,Deodorant B,0
4503,Deodorant B,0
4504,Deodorant B,0
4505,Deodorant B,0
4506,Deodorant B,0
4507,Deodorant B,0
4508,Deodorant B,0
4509,Deodorant B,0
4510,Deodorant B,0
4511,Deodorant B,0
4512,Deodorant B,0
4513,Deodorant B,0
4514,Deodorant B,0
4515,Deodorant B,0
4516,Deodorant B,0
4517,Deodorant B,0
4518,Deodorant B,0
4519,Deodorant B,0
4520,Deodorant B,0
4521,Deodorant B,0
4522,Deodorant B,0
4523,Deodorant B,0
4524,Deodorant B,0
4525,Deodorant B,0
4526,Deodorant B,0
4527,Deodorant B,0
4528,Deodorant B,0
4529,Deodorant B,0
4530,Deodorant B,0
4531,Deodorant B,0
4532,Deodorant B,0
4533,Deodorant B,0
4534,Deodorant B,0
4535,Deodorant B,0
4536,Deodorant B,0
4537,Deodorant B,0
4538,Deodorant B,0
4539,Deodorant B,0
4540,Deodorant B,0
4541,Deodorant B,0
4542,Deodorant B,0
4543,Deodorant B,0
4544,Deodorant B,0
4545,Deodorant B,0
4546,Deodorant B,0
4547,Deodorant B,0
4548,Deodorant B,0
4549,Deodorant B,0
4550,Deodorant B,0
4551,Deodorant B,0
4552,Deodorant B,0
4553,Deodorant B,0
4554,Deodorant B,0
4555,Deodorant B,0
4556,Deodorant B,0
4557,Deodorant B,0
4558,Deodorant B,0
4559,Deodorant B,0
4560,Deodorant B,0
4561,Deodorant B,0
4562,Deodorant B,0
4563,Deodorant B,0
4564,Deodorant B,0
4565,Deodorant B,0
4566,Deodorant B,0
4567,Deodorant B,0
4568,Deodorant B,0
4569,Deodorant B,0
4570,Deodorant B,0
4571,Deodorant B,0
4572,Deodorant B,0
4573,Deodorant B,0
4574,Deodorant B,0
4575,Deodorant B,0
4576,Deodorant B,0
4577,Deodorant B,0
4578,Deodorant B,0
4579,Deodorant B,0
4580,Deodorant B,0
4581,Deodorant B,0
4582,Deodorant B,0
4583,Deodorant B,0
4584,Deodorant B,0
4585,Deodorant B,0
4586,Deodorant B,0
4587,Deodorant B,0
4588,Deodorant B,0
4589,Deodorant B,0
4590,Deodorant B,0
4591,Deodorant B,0
4592,Deodorant B,0
4593,Deodorant B,0
4594,Deodorant B,0
4595,Deodorant B,0
4596,Deodorant B,0
4597,Deodorant B,0
4598,Deodorant B,0
4599,Deodorant B,0
4600,Deodorant B,0
4601,Deodorant B,0
4602,Deodorant B,0
4603,Deodorant B,0
4604,Deodorant B,0
4605,Deodorant B,0
4606,Deodorant B,0
4607,Deodorant B,0
4608,Deodorant B,0
4609,Deodorant B,0
4610,Deodorant B,0
4611,Deodorant B,0
4612,Deodorant B,0
4613,Deodorant B,0
4614,Deodorant B,0
4615,Deodorant B,0
4616,Deodorant B,0
4617,Deodorant B,0
4618,Deodorant B,0
4619,Deodorant B,0
4620,Deodorant B,0
4621,Deodorant B,0
4622,Deodorant B,0
4623,Deodorant B,0
4624,Deodorant B,0
4625,Deodorant B,0
4626,Deodorant B,0
4627,Deodorant B,0
4628,Deodorant B,0
4629,Deodorant B,0
4630,Deodorant B,0
4631,Deodorant B,0
4632,Deodorant B,0
4633,Deodorant B,0
4634,Deodorant B,0
4635,Deodorant B,0
4636,Deodorant B,0
4637,Deodorant B,0
4638,Deodorant B,0
4639,Deodorant B,0
4640,Deodorant B,0
4641,Deodorant B,0
4642,Deodorant B,0
4643,Deodorant B,0
4644,Deodorant B,0
4645,Deodorant B,0
4646,Deodorant B,0
4647,Deodorant B,0
4648,Deodorant B,0
4649,Deodorant B,0
4650,Deodorant B,0
4651,Deodorant B,0
4652,Deodorant B,0
4653,Deodorant B,0
4654,Deodorant B,0
4655,Deodorant B,0
4656,Deodorant B,0
4657,Deodorant B,0
4658,Deodorant B,0
4659,Deodorant B,0
4660,Deodorant B,0
4661,Deodorant B,0
4662,Deodorant B,0
4663,Deodorant B,0
4664,Deodorant B,0
4665,Deodorant B,0
4666,Deodorant B,0
4667,Deodorant B,0
4668,Deodorant B,0
4669,Deodorant B,0
4670,Deodorant B,0
4671,Deodorant B,0
4672,Deodorant B,0
4673,Deodorant B,0
4674,Deodorant B,0
4675,Deodorant B,0
4676,Deodorant B,0
4677,Deodorant B,0
4678,Deodorant B,0
4679,Deodorant B,0
4680,Deodorant B,0
4681,Deodorant B,0
4682,Deodorant B,0
4683,Deodorant B,0
4684,Deodorant B,0
4685,Deodorant B,0
4686,Deodorant B,0
4687,Deodorant B,0
4688,Deodorant B,0
4689,Deodorant B,0
4690,Deodorant B,0
4691,Deodorant B,0
4692,Deodorant B,0
4693,Deodorant B,0
4694,Deodorant B,0
4695,Deodorant B,0
4696,Deodorant B,0
4697,Deodorant B,0
4698,Deodorant B,0
4699,Deodorant B,0
4700,Deodorant B,0
4701,Deodorant B,0
4702,Deodorant B,0
4703,Deodorant B,0
4704,Deodorant B,0
4705,Deodorant B,0
4706,Deodorant B,0
4707,Deodorant B,0
4708,Deodorant B,0
4709,Deodorant B,0
4710,Deodorant B,0
4711,Deodorant B,0
4712,Deodorant B,0
4713,Deodorant B,0
4714,Deodorant B,0
4715,Deodorant B,0
4716,Deodorant B,0
4717,Deodorant B,0
4718,Deodorant B,0
4719,Deodorant B,0
4720,Deodorant B,0
4721,Deodorant B,0
4722,Deodorant B,0
4723,Deodorant B,0
4724,Deodorant B,0
4725,Deodorant B,0
4726,Deodorant B,0
4727,Deodorant B,0
4728,Deodorant B,0
4729,Deodorant B,0
4730,Deodorant B,0
4731,Deodorant B,0
4732,Deodorant B,0
4733,Deodorant B,0
4734,Deodorant B,0
4735,Deodorant B,0
4736,Deodorant B,0
4737,Deodorant B,0
4738,Deodorant B,0
4739,Deodorant B,0
4740,Deodorant B,0
4741,Deodorant B,0
4742,Deodorant B,0
4743,Deodorant B,0
4744,Deodorant B,0
4745,Deodorant B,0
4746,Deodorant B,0
4747,Deodorant B,0
4748,Deodorant B,0
4749,Deodorant B,0
4750,Deodorant B,0
4751,Deodorant B,0
4752,Deodorant B,0
4753,Deodorant B,0
4754,Deodorant B,0
4755,Deodorant B,0
4756,Deodorant B,0
4757,Deodorant B,0
4758,Deodorant B,0
4759,Deodorant B,0
4760,Deodorant B,0
4761,Deodorant B,0
4762,Deodorant B,0
4763,Deodorant B,0
4764,Deodorant B,0
4765,Deodorant B,0
4766,Deodorant B,0
4767,Deodorant B,0
4768,Deodorant B,0
4769,Deodorant B,0
4770,Deodorant B,0
4771,Deodorant B,0
4772,Deodorant B,0
4773,Deodorant B,0
4774,Deodorant B,0
4775,Deodorant B,0
4776,Deodorant B,0
4777,Deodorant B,0
4778,Deodorant B,0
4779,Deodorant B,0
4780,Deodorant B,0
4781,Deodorant B,0
4782,Deodorant B,0
4783,Deodorant B,0
4784,Deodorant B,0
4785,Deodorant B,0
4786,Deodorant B,0
4787,Deodorant B,0
4788,Deodorant B,0
4789,Deodorant B,0
4790,Deodorant B,0
4791,Deodorant B,0
4792,Deodorant B,0
4793,Deodorant B,0
4794,Deodorant B,0
4795,Deodorant B,0
4796,Deodorant B,0
4797,Deodorant B,0
4798,Deodorant B,0
4799,Deodorant B,0
4800,Deodorant B,0
4801,Deodorant B,0
4802,Deodorant B,0
4803,Deodorant B,0
4804,Deodorant B,0
4805,Deodorant B,0
4806,Deodorant B,0
4807,Deodorant B,0
4808,Deodorant B,0
4809,Deodorant B,0
4810,Deodorant B,0
4811,Deodorant B,0
4812,Deodorant B,0
4813,Deodorant B,0
4814,Deodorant B,0
4815,Deodorant B,0
4816,Deodorant B,0
4817,Deodorant B,0
4818,Deodorant B,0
4819,Deodorant B,0
4820,Deodorant B,0
4821,Deodorant B,0
4822,Deodorant B,0
4823,Deodorant B,0
4824,Deodorant B,0
4825,Deodorant B,0
4826,Deodorant B,0
4827,Deodorant B,0
4828,Deodorant B,0
4829,Deodorant B,0
4830,Deodorant B,0
4831,Deodorant B,0
4832,Deodorant B,0
4833,Deodorant B,0
4834,Deodorant B,0
4835,Deodorant B,0
4836,Deodorant B,0
4837,Deodorant B,0
4838,Deodorant B,0
4839,Deodorant B,0
4840,Deodorant B,0
4841,Deodorant B,0
4842,Deodorant B,0
4843,Deodorant B,0
4844,Deodorant B,0
4845,Deodorant B,0
4846,Deodorant B,0
4847,Deodorant B,0
4848,Deodorant B,0
4849,Deodorant B,0
4850,Deodorant B,0
4851,Deodorant B,0
4852,Deodorant B,0
4853,Deodorant B,0
4854,Deodorant B,0
4855,Deodorant B,0
4856,Deodorant B,0
4857,Deodorant B,0
4858,Deodorant B,0
4859,Deodorant B,0
4860,Deodorant B,0
4861,Deodorant B,0
4862,Deodorant B,0
4863,Deodorant B,0
4864,Deodorant B,0
4865,Deodorant B,0
4866,Deodorant B,0
4867,Deodorant B,0
4868,Deodorant B,0
4869,Deodorant B,0
4870,Deodorant B,0
4871,Deodorant B,0
4872,Deodorant B,0
4873,Deodorant B,0
4874,Deodorant B,0
4875,Deodorant B,0
4876,Deodorant B,0
4877,Deodorant B,0
4878,Deodorant B,0
4879,Deodorant B,0
4880,Deodorant B,0
4881,Deodorant B,0
4882,Deodorant B,0
4883,Deodorant B,0
4884,Deodorant B,0
4885,Deodorant B,0
4886,Deodorant B,0
4887,Deodorant B,0
4888,Deodorant B,0
4889,Deodorant B,0
4890,Deodorant B,0
4891,Deodorant B,0
4892,Deodorant B,0
4893,Deodorant B,0
4894,Deodorant B,0
4895,Deodorant B,0
4896,Deodorant B,0
4897,Deodorant B,0
4898,Deodorant B,0
4899,Deodorant B,0
4900,Deodorant B,0
4901,Deodorant B,0
4902,Deodorant B,0
4903,Deodorant B,0
4904,Deodorant B,0
4905,Deodorant B,0
4906,Deodorant B,0
4907,Deodorant B,0
4908,Deodorant B,0
4909,Deodorant B,0
4910,Deodorant B,0
4911,Deodorant B,0
4912,Deodorant B,0
4913,Deodorant B,0
4914,Deodorant B,0
4915,Deodorant B,0
4916,Deodorant B,0
4917,Deodorant B,0
4918,Deodorant B,0
4919,Deodorant B,0
4920,Deodorant B,0
4921,Deodorant B,0
4922,Deodorant B,0
4923,Deodorant B,0
4924,Deodorant B,0
4925,Deodorant B,0
4926,Deodorant B,0
4927,Deodorant B,0
4928,Deodorant B,0
4929,Deodorant B,0
4930,Deodorant B,0
4931,Deodorant B,0
4932,Deodorant B,0
4933,Deodorant B,0
4934,Deodorant B,0
4935,Deodorant B,0
4936,Deodorant B,0
4937,Deodorant B,0
4938,Deodorant B,0
4939,Deodorant B,0
4940,Deodorant B,0
4941,Deodorant B,0
4942,Deodorant B,0
4943,Deodorant B,0
4944,Deodorant B,0
4945,Deodorant B,0
4946,Deodorant B,0
4947,Deodorant B,0
4948,Deodorant B,0
4949,Deodorant B,0
4950,Deodorant B,0
4951,Deodorant B,0
4952,Deodorant B,0
4953,Deodorant B,0
4954,Deodorant B,0
4955,Deodorant B,0
4956,Deodorant B,0
4957,Deodorant B,0
4958,Deodorant B,0
4959,Deodorant B,0
4960,Deodorant B,0
4961,Deodorant B,0
4962,Deodorant B,0
4963,Deodorant B,0
4964,Deodorant B,0
4965,Deodorant B,0
4966,Deodorant B,0
4967,Deodorant B,0
4968,Deodorant B,0
4969,Deodorant B,0
4970,Deodorant B,0
4971,Deodorant B,0
4972,Deodorant B,0
4973,Deodorant B,0
4974,Deodorant B,0
4975,Deodorant B,0
4976,Deodorant B,0
4977,Deodorant B,0
4978,Deodorant B,0
4979,Deodorant B,0
4980,Deodorant B,0
4981,Deodorant B,0
4982,Deodorant B,0
4983,Deodorant B,0
4984,Deodorant B,0
4985,Deodorant B,0
4986,Deodorant B,0
4987,Deodorant B,0
4988,Deodorant B,0
4989,Deodorant B,0
4990,Deodorant B,0
4991,Deodorant B,0
4992,Deodorant B,0
4993,Deodorant B,0
4994,Deodorant B,0
4995,Deodorant B,0
4996,Deodorant B,0
4997,Deodorant B,0
4998,Deodorant B,0
4999,Deodorant B,0
5000,Deodorant B,0
5001,Deodorant B,0
5002,Deodorant B,0
5003,Deodorant B,0
5004,Deodorant B,0
5005,Deodorant B,0
5006,Deodorant B,0
5007,Deodorant B,0
5008,Deodorant B,0
5009,Deodorant B,0
5010,Deodorant B,0
5011,Deodorant B,0
5012,Deodorant B,0
5013,Deodorant B,0
5014,Deodorant B,0
5015,Deodorant B,0
5016,Deodorant B,0
5017,Deodorant B,0
5018,Deodorant B,0
5019,Deodorant B,0
5020,Deodorant B,0
5021,Deodorant B,0
5022,Deodorant B,0
5023,Deodorant B,0
5024,Deodorant B,0
5025,Deodorant B,0
5026,Deodorant B,0
5027,Deodorant B,0
5028,Deodorant B,0
5029,Deodorant B,0
5030,Deodorant B,0
5031,Deodorant B,0
5032,Deodorant B,0
5033,Deodorant B,0
5034,Deodorant B,0
5035,Deodorant B,0
5036,Deodorant B,0
5037,Deodorant B,0
5038,Deodorant B,0
5039,Deodorant B,0
5040,Deodorant B,0
5041,Deodorant B,0
5042,Deodorant B,0
5043,Deodorant B,0
5044,Deodorant B,0
5045,Deodorant B,0
5046,Deodorant B,0
5047,Deodorant B,0
5048,Deodorant B,0
5049,Deodorant B,0
5050,Deodorant B,0
5051,Deodorant B,0
5052,Deodorant B,0
5053,Deodorant B,0
5054,Deodorant B,0
5055,Deodorant B,0
5056,Deodorant B,0
5057,Deodorant B,0
5058,Deodorant B,0
5059,Deodorant B,0
5060,Deodorant B,0
5061,Deodorant B,0
5062,Deodorant B,0
5063,Deodorant B,0
5064,Deodorant B,0
5065,Deodorant B,0
5066,Deodorant B,0
5067,Deodorant B,0
5068,Deodorant B,0
5069,Deodorant B,0
5070,Deodorant B,0
5071,Deodorant B,0
5072,Deodorant B,0
5073,Deodorant B,0
5074,Deodorant B,0
5075,Deodorant B,0
5076,Deodorant B,0
5077,Deodorant B,0
5078,Deodorant B,0
5079,Deodorant B,0
5080,Deodorant B,0
5081,Deodorant B,0
5082,Deodorant B,0
5083,Deodorant B,0
5084,Deodorant B,0
5085,Deodorant B,0
5086,Deodorant B,0
5087,Deodorant B,0
5088,Deodorant B,0
5089,Deodorant B,0
5090,Deodorant B,0
5091,Deodorant B,0
5092,Deodorant B,0
5093,Deodorant B,0
5094,Deodorant B,0
5095,Deodorant B,0
5096,Deodorant B,0
5097,Deodorant B,0
5098,Deodorant B,0
5099,Deodorant B,0
5100,Deodorant B,0
5101,Deodorant B,0
5102,Deodorant B,0
5103,Deodorant B,0
5104,Deodorant B,0
5105,Deodorant B,0
5106,Deodorant B,0
5107,Deodorant B,0
5108,Deodorant B,0
5109,Deodorant B,0
5110,Deodorant B,0
5111,Deodorant B,0
5112,Deodorant B,0
5113,Deodorant B,0
5114,Deodorant B,0
5115,Deodorant B,0
5116,Deodorant B,0
5117,Deodorant B,0
5118,Deodorant B,0
5119,Deodorant B,0
5120,Deodorant B,0
5121,Deodorant B,0
5122,Deodorant B,0
5123,Deodorant B,0
5124,Deodorant B,0
5125,Deodorant B,0
5126,Deodorant B,0
5127,Deodorant B,0
5128,Deodorant B,0
5129,Deodorant B,0
5130,Deodorant B,0
5131,Deodorant B,0
5132,Deodorant B,0
5133,Deodorant B,0
5134,Deodorant B,0
5135,Deodorant B,0
5136,Deodorant B,0
5137,Deodorant B,0
5138,Deodorant B,0
5139,Deodorant B,0
5140,Deodorant B,0
5141,Deodorant B,0
5142,Deodorant B,0
5143,Deodorant B,0
5144,Deodorant B,0
5145,Deodorant B,0
5146,Deodorant B,0
5147,Deodorant B,0
5148,Deodorant B,0
5149,Deodorant B,0
5150,Deodorant B,0
5151,Deodorant B,0
5152,Deodorant B,0
5153,Deodorant B,0
5154,Deodorant B,0
5155,Deodorant B,0
5156,Deodorant B,0
5157,Deodorant B,0
5158,Deodorant B,0
5159,Deodorant B,0
5160,Deodorant B,0
5161,Deodorant B,0
5162,Deodorant B,0
5163,Deodorant B,0
5164,Deodorant B,0
5165,Deodorant B,0
5166,Deodorant B,0
5167,Deodorant B,0
5168,Deodorant B,0
5169,Deodorant B,0
5170,Deodorant B,0
5171,Deodorant B,0
5172,Deodorant B,0
5173,Deodorant B,0
5174,Deodorant B,0
5175,Deodorant B,0
5176,Deodorant B,0
5177,Deodorant B,0
5178,Deodorant B,0
5179,Deodorant B,0
5180,Deodorant B,0
5181,Deodorant B,0
5182,Deodorant B,0
5183,Deodorant B,0
5184,Deodorant B,0
5185,Deodorant B,0
5186,Deodorant B,0
5187,Deodorant B,0
5188,Deodorant B,0
5189,Deodorant B,0
5190,Deodorant B,0
5191,Deodorant B,0
5192,Deodorant B,0
5193,Deodorant B,0
5194,Deodorant B,0
5195,Deodorant B,0
5196,Deodorant B,0
5197,Deodorant B,0
5198,Deodorant B,0
5199,Deodorant B,0
15003,Deodorant B,0
15008,Deodorant B,0
15009,Deodorant B,0
15011,Deodorant B,0
15012,Deodorant B,0
15013,Deodorant B,0
15016,Deodorant B,0
15018,Deodorant B,0
15029,Deodorant B,0
15032,Deodorant B,0
15034,Deodorant B,0
15039,Deodorant B,0
15044,Deodorant B,0
15057,Deodorant B,0
15058,Deodorant B,0
15063,Deodorant B,0
15064,Deodorant B,0
15069,Deodorant B,0
15070,Deodorant B,0
15074,Deodorant B,0
15081,Deodorant B,0
15094,Deodorant B,0
15103,Deodorant B,0
15108,Deodorant B,0
15109,Deodorant B,0
15115,Deodorant B,0
15119,Deodorant B,0
15126,Deodorant B,0
15137,Deodorant B,0
15139,Deodorant B,0
15142,Deodorant B,0
15168,Deodorant B,0
15169,Deodorant B,0
15170,Deodorant B,0
15172,Deodorant B,0
15176,Deodorant B,0
15181,Deodorant B,0
15186,Deodorant B,0
15189,Deodorant B,0
15207,Deodorant B,0
15214,Deodorant B,0
15215,Deodorant B,0
15219,Deodorant B,0
15223,Deodorant B,0
15227,Deodorant B,0
15229,Deodorant B,0
15232,Deodorant B,0
15233,Deodorant B,0
15235,Deodorant B,0
15239,Deodorant B,0
15243,Deodorant B,0
15244,Deodorant B,0
15252,Deodorant B,0
15259,Deodorant B,0
15260,Deodorant B,0
15275,Deodorant B,0
15280,Deodorant B,0
15283,Deodorant B,0
15289,Deodorant B,0
15293,Deodorant B,0
15295,Deodorant B,0
15296,Deodorant B,0
15297,Deodorant B,0
15301,Deodorant B,0
15304,Deodorant B,0
15305,Deodorant B,0
15307,Deodorant B,0
15310,Deodorant B,0
15314,Deodorant B,0
15319,Deodorant B,0
15322,Deodorant B,0
15324,Deodorant B,0
15354,Deodorant B,0
15360,Deodorant B,0
15363,Deodorant B,0
15369,Deodorant B,0
15386,Deodorant B,0
15389,Deodorant B,0
15395,Deodorant B,0
15423,Deodorant B,0
15430,Deodorant B,0
15443,Deodorant B,0
15451,Deodorant B,0
15459,Deodorant B,0
15478,Deodorant B,0
15486,Deodorant B,0
15499,Deodorant B,0
15507,Deodorant B,0
15544,Deodorant B,0
15558,Deodorant B,0
15561,Deodorant B,0
15570,Deodorant B,0
15574,Deodorant B,0
15626,Deodorant B,0
15636,Deodorant B,0
15694,Deodorant B,0
15702,Deodorant B,0
15708,Deodorant B,0
15729,Deodorant B,0
15735,Deodorant B,0
15743,Deodorant B,0
15777,Deodorant B,0
15779,Deodorant B,0
15842,Deodorant B,0
15854,Deodorant B,0
15901,Deodorant B,0
15918,Deodorant B,0
15919,Deodorant B,0
15935,Deodorant B,0
15936,Deodorant B,0
15973,Deodorant B,0
15979,Deodorant B,0
16043,Deodorant B,0
16044,Deodorant B,0
16077,Deodorant B,0
16145,Deodorant B,0
16170,Deodorant B,0
16175,Deodorant B,0
16206,Deodorant B,0
16209,Deodorant B,0
16216,Deodorant B,0
8500,Deodorant F,0
8501,Deodorant F,0
8502,Deodorant F,0
8503,Deodorant F,0
8504,Deodorant F,0
8505,Deodorant F,0
8506,Deodorant F,0
8507,Deodorant F,0
8508,Deodorant F,0
8509,Deodorant F,0
8510,Deodorant F,0
8511,Deodorant F,0
8512,Deodorant F,0
8513,Deodorant F,0
8514,Deodorant F,0
8515,Deodorant F,0
8516,Deodorant F,0
8517,Deodorant F,0
8518,Deodorant F,0
8519,Deodorant F,0
8520,Deodorant F,0
8521,Deodorant F,0
8522,Deodorant F,0
8523,Deodorant F,0
8524,Deodorant F,0
8525,Deodorant F,0
8526,Deodorant F,0
8527,Deodorant F,0
8528,Deodorant F,0
8529,Deodorant F,0
8530,Deodorant F,0
8531,Deodorant F,0
8532,Deodorant F,0
8533,Deodorant F,0
8534,Deodorant F,0
8535,Deodorant F,0
8536,Deodorant F,0
8537,Deodorant F,0
8538,Deodorant F,0
8539,Deodorant F,0
8540,Deodorant F,0
8541,Deodorant F,0
8542,Deodorant F,0
8543,Deodorant F,0
8544,Deodorant F,0
8545,Deodorant F,0
8546,Deodorant F,0
8547,Deodorant F,0
8548,Deodorant F,0
8549,Deodorant F,0
8550,Deodorant F,0
8551,Deodorant F,0
8552,Deodorant F,0
8553,Deodorant F,0
8554,Deodorant F,0
8555,Deodorant F,0
8556,Deodorant F,0
8557,Deodorant F,0
8558,Deodorant F,0
8559,Deodorant F,0
8560,Deodorant F,0
8561,Deodorant F,0
8562,Deodorant F,0
8563,Deodorant F,0
8564,Deodorant F,0
8565,Deodorant F,0
8566,Deodorant F,0
8567,Deodorant F,0
8568,Deodorant F,0
8569,Deodorant F,0
8570,Deodorant F,0
8571,Deodorant F,0
8572,Deodorant F,0
8573,Deodorant F,0
8574,Deodorant F,0
8575,Deodorant F,0
8576,Deodorant F,0
8577,Deodorant F,0
8578,Deodorant F,0
8579,Deodorant F,0
8580,Deodorant F,0
8581,Deodorant F,0
8582,Deodorant F,0
8583,Deodorant F,0
8584,Deodorant F,0
8585,Deodorant F,0
8586,Deodorant F,0
8587,Deodorant F,0
8588,Deodorant F,0
8589,Deodorant F,0
8590,Deodorant F,0
8591,Deodorant F,0
8592,Deodorant F,0
8593,Deodorant F,0
8594,Deodorant F,0
8595,Deodorant F,0
8596,Deodorant F,0
8597,Deodorant F,0
8598,Deodorant F,0
8599,Deodorant F,0
8600,Deodorant F,0
8601,Deodorant F,0
8602,Deodorant F,0
8603,Deodorant F,0
8604,Deodorant F,0
8605,Deodorant F,0
8606,Deodorant F,0
8607,Deodorant F,0
8608,Deodorant F,0
8609,Deodorant F,0
8610,Deodorant F,0
8611,Deodorant F,0
8612,Deodorant F,0
8613,Deodorant F,0
8614,Deodorant F,0
8615,Deodorant F,0
8616,Deodorant F,0
8617,Deodorant F,0
8618,Deodorant F,0
8619,Deodorant F,0
8620,Deodorant F,0
8621,Deodorant F,0
8622,Deodorant F,0
8623,Deodorant F,0
8624,Deodorant F,0
8625,Deodorant F,0
8626,Deodorant F,0
8627,Deodorant F,0
8628,Deodorant F,0
8629,Deodorant F,0
8630,Deodorant F,0
8631,Deodorant F,0
8632,Deodorant F,0
8633,Deodorant F,0
8634,Deodorant F,0
8635,Deodorant F,0
8636,Deodorant F,0
8637,Deodorant F,0
8638,Deodorant F,0
8639,Deodorant F,0
8640,Deodorant F,0
8641,Deodorant F,0
8642,Deodorant F,0
8643,Deodorant F,0
8644,Deodorant F,0
8645,Deodorant F,0
8646,Deodorant F,0
8647,Deodorant F,0
8648,Deodorant F,0
8649,Deodorant F,0
8650,Deodorant F,0
8651,Deodorant F,0
8652,Deodorant F,0
8653,Deodorant F,0
8654,Deodorant F,0
8655,Deodorant F,0
8656,Deodorant F,0
8657,Deodorant F,0
8658,Deodorant F,0
8659,Deodorant F,0
8660,Deodorant F,0
8661,Deodorant F,0
8662,Deodorant F,0
8663,Deodorant F,0
8664,Deodorant F,0
8665,Deodorant F,0
8666,Deodorant F,0
8667,Deodorant F,0
8668,Deodorant F,0
8669,Deodorant F,0
8670,Deodorant F,0
8671,Deodorant F,0
8672,Deodorant F,0
8673,Deodorant F,0
8674,Deodorant F,0
8675,Deodorant F,0
8676,Deodorant F,0
8677,Deodorant F,0
8678,Deodorant F,0
8679,Deodorant F,0
8680,Deodorant F,0
8681,Deodorant F,0
8682,Deodorant F,0
8683,Deodorant F,0
8684,Deodorant F,0
8685,Deodorant F,0
8686,Deodorant F,0
8687,Deodorant F,0
8688,Deodorant F,0
8689,Deodorant F,0
8690,Deodorant F,0
8691,Deodorant F,0
8692,Deodorant F,0
8693,Deodorant F,0
8694,Deodorant F,0
8695,Deodorant F,0
8696,Deodorant F,0
8697,Deodorant F,0
8698,Deodorant F,0
8699,Deodorant F,0
8700,Deodorant F,0
8701,Deodorant F,0
8702,Deodorant F,0
8703,Deodorant F,0
8704,Deodorant F,0
8705,Deodorant F,0
8706,Deodorant F,0
8707,Deodorant F,0
8708,Deodorant F,0
8709,Deodorant F,0
8710,Deodorant F,0
8711,Deodorant F,0
8712,Deodorant F,0
8713,Deodorant F,0
8714,Deodorant F,0
8715,Deodorant F,0
8716,Deodorant F,0
8717,Deodorant F,0
8718,Deodorant F,0
8719,Deodorant F,0
8720,Deodorant F,0
8721,Deodorant F,0
8722,Deodorant F,0
8723,Deodorant F,0
8724,Deodorant F,0
8725,Deodorant F,0
8726,Deodorant F,0
8727,Deodorant F,0
8728,Deodorant F,0
8729,Deodorant F,0
8730,Deodorant F,0
8731,Deodorant F,0
8732,Deodorant F,0
8733,Deodorant F,0
8734,Deodorant F,0
8735,Deodorant F,0
8736,Deodorant F,0
8737,Deodorant F,0
8738,Deodorant F,0
8739,Deodorant F,0
8740,Deodorant F,0
8741,Deodorant F,0
8742,Deodorant F,0
8743,Deodorant F,0
8744,Deodorant F,0
8745,Deodorant F,0
8746,Deodorant F,0
8747,Deodorant F,0
8748,Deodorant F,0
8749,Deodorant F,0
8750,Deodorant F,0
8751,Deodorant F,0
8752,Deodorant F,0
8753,Deodorant F,0
8754,Deodorant F,0
8755,Deodorant F,0
8756,Deodorant F,0
8757,Deodorant F,0
8758,Deodorant F,0
8759,Deodorant F,0
8760,Deodorant F,0
8761,Deodorant F,0
8762,Deodorant F,0
8763,Deodorant F,0
8764,Deodorant F,0
8765,Deodorant F,0
8766,Deodorant F,0
8767,Deodorant F,0
8768,Deodorant F,0
8769,Deodorant F,0
8770,Deodorant F,0
8771,Deodorant F,0
8772,Deodorant F,0
8773,Deodorant F,0
8774,Deodorant F,0
8775,Deodorant F,0
8776,Deodorant F,0
8777,Deodorant F,0
8778,Deodorant F,0
8779,Deodorant F,0
8780,Deodorant F,0
8781,Deodorant F,0
8782,Deodorant F,0
8783,Deodorant F,0
8784,Deodorant F,0
8785,Deodorant F,0
8786,Deodorant F,0
8787,Deodorant F,0
8788,Deodorant F,0
8789,Deodorant F,0
8790,Deodorant F,0
8791,Deodorant F,0
8792,Deodorant F,0
8793,Deodorant F,0
8794,Deodorant F,0
8795,Deodorant F,0
8796,Deodorant F,0
8797,Deodorant F,0
8798,Deodorant F,0
8799,Deodorant F,0
8800,Deodorant F,0
8801,Deodorant F,0
8802,Deodorant F,0
8803,Deodorant F,0
8804,Deodorant F,0
8805,Deodorant F,0
8806,Deodorant F,0
8807,Deodorant F,0
8808,Deodorant F,0
8809,Deodorant F,0
8810,Deodorant F,0
8811,Deodorant F,0
8812,Deodorant F,0
8813,Deodorant F,0
8814,Deodorant F,0
8815,Deodorant F,0
8816,Deodorant F,0
8817,Deodorant F,0
8818,Deodorant F,0
8819,Deodorant F,0
8820,Deodorant F,0
8821,Deodorant F,0
8822,Deodorant F,0
8823,Deodorant F,0
8824,Deodorant F,0
8825,Deodorant F,0
8826,Deodorant F,0
8827,Deodorant F,0
8828,Deodorant F,0
8829,Deodorant F,0
8830,Deodorant F,0
8831,Deodorant F,0
8832,Deodorant F,0
8833,Deodorant F,0
8834,Deodorant F,0
8835,Deodorant F,0
8836,Deodorant F,0
8837,Deodorant F,0
8838,Deodorant F,0
8839,Deodorant F,0
8840,Deodorant F,0
8841,Deodorant F,0
8842,Deodorant F,0
8843,Deodorant F,0
8844,Deodorant F,0
8845,Deodorant F,0
8846,Deodorant F,0
8847,Deodorant F,0
8848,Deodorant F,0
8849,Deodorant F,0
8850,Deodorant F,0
8851,Deodorant F,0
8852,Deodorant F,0
8853,Deodorant F,0
8854,Deodorant F,0
8855,Deodorant F,0
8856,Deodorant F,0
8857,Deodorant F,0
8858,Deodorant F,0
8859,Deodorant F,0
8860,Deodorant F,0
8861,Deodorant F,0
8862,Deodorant F,0
8863,Deodorant F,0
8864,Deodorant F,0
8865,Deodorant F,0
8866,Deodorant F,0
8867,Deodorant F,0
8868,Deodorant F,0
8869,Deodorant F,0
8870,Deodorant F,0
8871,Deodorant F,0
8872,Deodorant F,0
8873,Deodorant F,0
8874,Deodorant F,0
8875,Deodorant F,0
8876,Deodorant F,0
8877,Deodorant F,0
8878,Deodorant F,0
8879,Deodorant F,0
8880,Deodorant F,0
8881,Deodorant F,0
8882,Deodorant F,0
8883,Deodorant F,0
8884,Deodorant F,0
8885,Deodorant F,0
8886,Deodorant F,0
8887,Deodorant F,0
8888,Deodorant F,0
8889,Deodorant F,0
8890,Deodorant F,0
8891,Deodorant F,0
8892,Deodorant F,0
8893,Deodorant F,0
8894,Deodorant F,0
8895,Deodorant F,0
8896,Deodorant F,0
8897,Deodorant F,0
8898,Deodorant F,0
8899,Deodorant F,0
8900,Deodorant F,0
8901,Deodorant F,0
8902,Deodorant F,0
8903,Deodorant F,0
8904,Deodorant F,0
8905,Deodorant F,0
8906,Deodorant F,0
8907,Deodorant F,0
8908,Deodorant F,0
8909,Deodorant F,0
8910,Deodorant F,0
8911,Deodorant F,0
8912,Deodorant F,0
8913,Deodorant F,0
8914,Deodorant F,0
8915,Deodorant F,0
8916,Deodorant F,0
8917,Deodorant F,0
8918,Deodorant F,0
8919,Deodorant F,0
8920,Deodorant F,0
8921,Deodorant F,0
8922,Deodorant F,0
8923,Deodorant F,0
8924,Deodorant F,0
8925,Deodorant F,0
8926,Deodorant F,0
8927,Deodorant F,0
8928,Deodorant F,0
8929,Deodorant F,0
8930,Deodorant F,0
8931,Deodorant F,0
8932,Deodorant F,0
8933,Deodorant F,0
8934,Deodorant F,0
8935,Deodorant F,0
8936,Deodorant F,0
8937,Deodorant F,0
8938,Deodorant F,0
8939,Deodorant F,0
8940,Deodorant F,0
8941,Deodorant F,0
8942,Deodorant F,0
8943,Deodorant F,0
8944,Deodorant F,0
8945,Deodorant F,0
8946,Deodorant F,0
8947,Deodorant F,0
8948,Deodorant F,0
8949,Deodorant F,0
8950,Deodorant F,0
8951,Deodorant F,0
8952,Deodorant F,0
8953,Deodorant F,0
8954,Deodorant F,0
8955,Deodorant F,0
8956,Deodorant F,0
8957,Deodorant F,0
8958,Deodorant F,0
8959,Deodorant F,0
8960,Deodorant F,0
8961,Deodorant F,0
8962,Deodorant F,0
8963,Deodorant F,0
8964,Deodorant F,0
8965,Deodorant F,0
8966,Deodorant F,0
8967,Deodorant F,0
8968,Deodorant F,0
8969,Deodorant F,0
8970,Deodorant F,0
8971,Deodorant F,0
8972,Deodorant F,0
8973,Deodorant F,0
8974,Deodorant F,0
8975,Deodorant F,0
8976,Deodorant F,0
8977,Deodorant F,0
8978,Deodorant F,0
8979,Deodorant F,0
8980,Deodorant F,0
8981,Deodorant F,0
8982,Deodorant F,0
8983,Deodorant F,0
8984,Deodorant F,0
8985,Deodorant F,0
8986,Deodorant F,0
8987,Deodorant F,0
8988,Deodorant F,0
8989,Deodorant F,0
8990,Deodorant F,0
8991,Deodorant F,0
8992,Deodorant F,0
8993,Deodorant F,0
8994,Deodorant F,0
8995,Deodorant F,0
8996,Deodorant F,0
8997,Deodorant F,0
8998,Deodorant F,0
8999,Deodorant F,0
9000,Deodorant F,0
9001,Deodorant F,0
9002,Deodorant F,0
9003,Deodorant F,0
9004,Deodorant F,0
9005,Deodorant F,0
9006,Deodorant F,0
9007,Deodorant F,0
9008,Deodorant F,0
9009,Deodorant F,0
9010,Deodorant F,0
9011,Deodorant F,0
9012,Deodorant F,0
9013,Deodorant F,0
9014,Deodorant F,0
9015,Deodorant F,0
9016,Deodorant F,0
9017,Deodorant F,0
9018,Deodorant F,0
9019,Deodorant F,0
9020,Deodorant F,0
9021,Deodorant F,0
9022,Deodorant F,0
9023,Deodorant F,0
9024,Deodorant F,0
9025,Deodorant F,0
9026,Deodorant F,0
9027,Deodorant F,0
9028,Deodorant F,0
9029,Deodorant F,0
9030,Deodorant F,0
9031,Deodorant F,0
9032,Deodorant F,0
9033,Deodorant F,0
9034,Deodorant F,0
9035,Deodorant F,0
9036,Deodorant F,0
9037,Deodorant F,0
9038,Deodorant F,0
9039,Deodorant F,0
9040,Deodorant F,0
9041,Deodorant F,0
9042,Deodorant F,0
9043,Deodorant F,0
9044,Deodorant F,0
9045,Deodorant F,0
9046,Deodorant F,0
9047,Deodorant F,0
9048,Deodorant F,0
9049,Deodorant F,0
9050,Deodorant F,0
9051,Deodorant F,0
9052,Deodorant F,0
9053,Deodorant F,0
9054,Deodorant F,0
9055,Deodorant F,0
9056,Deodorant F,0
9057,Deodorant F,0
9058,Deodorant F,0
9059,Deodorant F,0
9060,Deodorant F,0
9061,Deodorant F,0
9062,Deodorant F,0
9063,Deodorant F,0
9064,Deodorant F,0
9065,Deodorant F,0
9066,Deodorant F,0
9067,Deodorant F,0
9068,Deodorant F,0
9069,Deodorant F,0
9070,Deodorant F,0
9071,Deodorant F,0
9072,Deodorant F,0
9073,Deodorant F,0
9074,Deodorant F,0
9075,Deodorant F,0
9076,Deodorant F,0
9077,Deodorant F,0
9078,Deodorant F,0
9079,Deodorant F,0
9080,Deodorant F,0
9081,Deodorant F,0
9082,Deodorant F,0
9083,Deodorant F,0
9084,Deodorant F,0
9085,Deodorant F,0
9086,Deodorant F,0
9087,Deodorant F,0
9088,Deodorant F,0
9089,Deodorant F,0
9090,Deodorant F,0
9091,Deodorant F,0
9092,Deodorant F,0
9093,Deodorant F,0
9094,Deodorant F,0
9095,Deodorant F,0
9096,Deodorant F,0
9097,Deodorant F,0
9098,Deodorant F,0
9099,Deodorant F,0
9100,Deodorant F,0
9101,Deodorant F,0
9102,Deodorant F,0
9103,Deodorant F,0
9104,Deodorant F,0
9105,Deodorant F,0
9106,Deodorant F,0
9107,Deodorant F,0
9108,Deodorant F,0
9109,Deodorant F,0
9110,Deodorant F,0
9111,Deodorant F,0
9112,Deodorant F,0
9113,Deodorant F,0
9114,Deodorant F,0
9115,Deodorant F,0
9116,Deodorant F,0
9117,Deodorant F,0
9118,Deodorant F,0
9119,Deodorant F,0
9120,Deodorant F,0
9121,Deodorant F,0
9122,Deodorant F,0
9123,Deodorant F,0
9124,Deodorant F,0
9125,Deodorant F,0
9126,Deodorant F,0
9127,Deodorant F,0
9128,Deodorant F,0
9129,Deodorant F,0
9130,Deodorant F,0
9131,Deodorant F,0
9132,Deodorant F,0
9133,Deodorant F,0
9134,Deodorant F,0
9135,Deodorant F,0
9136,Deodorant F,0
9137,Deodorant F,0
9138,Deodorant F,0
9139,Deodorant F,0
9140,Deodorant F,0
9141,Deodorant F,0
9142,Deodorant F,0
9143,Deodorant F,0
9144,Deodorant F,0
9145,Deodorant F,0
9146,Deodorant F,0
9147,Deodorant F,0
9148,Deodorant F,0
9149,Deodorant F,0
9150,Deodorant F,0
9151,Deodorant F,0
9152,Deodorant F,0
9153,Deodorant F,0
9154,Deodorant F,0
9155,Deodorant F,0
9156,Deodorant F,0
9157,Deodorant F,0
9158,Deodorant F,0
9159,Deodorant F,0
9160,Deodorant F,0
9161,Deodorant F,0
9162,Deodorant F,0
9163,Deodorant F,0
9164,Deodorant F,0
9165,Deodorant F,0
9166,Deodorant F,0
9167,Deodorant F,0
9168,Deodorant F,0
9169,Deodorant F,0
9170,Deodorant F,0
9171,Deodorant F,0
9172,Deodorant F,0
9173,Deodorant F,0
9174,Deodorant F,0
9175,Deodorant F,0
9176,Deodorant F,0
9177,Deodorant F,0
9178,Deodorant F,0
9179,Deodorant F,0
9180,Deodorant F,0
9181,Deodorant F,0
9182,Deodorant F,0
9183,Deodorant F,0
9184,Deodorant F,0
9185,Deodorant F,0
9186,Deodorant F,0
9187,Deodorant F,0
9188,Deodorant F,0
9189,Deodorant F,0
9190,Deodorant F,0
9191,Deodorant F,0
9192,Deodorant F,0
9193,Deodorant F,0
9194,Deodorant F,0
9195,Deodorant F,0
9196,Deodorant F,0
9197,Deodorant F,0
9198,Deodorant F,0
9199,Deodorant F,0
9200,Deodorant F,0
9201,Deodorant F,0
9202,Deodorant F,0
9203,Deodorant F,0
9204,Deodorant F,0
9205,Deodorant F,0
9206,Deodorant F,0
9207,Deodorant F,0
9208,Deodorant F,0
9209,Deodorant F,0
9210,Deodorant F,0
9211,Deodorant F,0
9212,Deodorant F,0
9213,Deodorant F,0
9214,Deodorant F,0
9215,Deodorant F,0
9216,Deodorant F,0
9217,Deodorant F,0
9218,Deodorant F,0
9219,Deodorant F,0
9220,Deodorant F,0
9221,Deodorant F,0
9222,Deodorant F,0
9223,Deodorant F,0
9224,Deodorant F,0
9225,Deodorant F,0
9226,Deodorant F,0
9227,Deodorant F,0
9228,Deodorant F,0
9229,Deodorant F,0
9230,Deodorant F,0
9231,Deodorant F,0
9232,Deodorant F,0
9233,Deodorant F,0
9234,Deodorant F,0
9235,Deodorant F,0
9236,Deodorant F,0
9237,Deodorant F,0
9238,Deodorant F,0
9239,Deodorant F,0
9240,Deodorant F,0
9241,Deodorant F,0
9242,Deodorant F,0
9243,Deodorant F,0
9244,Deodorant F,0
9245,Deodorant F,0
9246,Deodorant F,0
9247,Deodorant F,0
9248,Deodorant F,0
9249,Deodorant F,0
9250,Deodorant F,0
9251,Deodorant F,0
9252,Deodorant F,0
9253,Deodorant F,0
9254,Deodorant F,0
9255,Deodorant F,0
9256,Deodorant F,0
9257,Deodorant F,0
9258,Deodorant F,0
9259,Deodorant F,0
9260,Deodorant F,0
9261,Deodorant F,0
9262,Deodorant F,0
9263,Deodorant F,0
9264,Deodorant F,0
9265,Deodorant F,0
9266,Deodorant F,0
9267,Deodorant F,0
9268,Deodorant F,0
9269,Deodorant F,0
9270,Deodorant F,0
9271,Deodorant F,0
9272,Deodorant F,0
9273,Deodorant F,0
9274,Deodorant F,0
9275,Deodorant F,0
9276,Deodorant F,0
9277,Deodorant F,0
9278,Deodorant F,0
9279,Deodorant F,0
9280,Deodorant F,0
9281,Deodorant F,0
9282,Deodorant F,0
9283,Deodorant F,0
9284,Deodorant F,0
9285,Deodorant F,0
9286,Deodorant F,0
9287,Deodorant F,0
9288,Deodorant F,0
9289,Deodorant F,0
9290,Deodorant F,0
9291,Deodorant F,0
9292,Deodorant F,0
9293,Deodorant F,0
9294,Deodorant F,0
9295,Deodorant F,0
9296,Deodorant F,0
9297,Deodorant F,0
9298,Deodorant F,0
9299,Deodorant F,0
9300,Deodorant F,0
9301,Deodorant F,0
9302,Deodorant F,0
9303,Deodorant F,0
9304,Deodorant F,0
9305,Deodorant F,0
9306,Deodorant F,0
9307,Deodorant F,0
9308,Deodorant F,0
9309,Deodorant F,0
9310,Deodorant F,0
9311,Deodorant F,0
9312,Deodorant F,0
9313,Deodorant F,0
9314,Deodorant F,0
9315,Deodorant F,0
9316,Deodorant F,0
9317,Deodorant F,0
9318,Deodorant F,0
9319,Deodorant F,0
9320,Deodorant F,0
9321,Deodorant F,0
9322,Deodorant F,0
9323,Deodorant F,0
9324,Deodorant F,0
9325,Deodorant F,0
9326,Deodorant F,0
9327,Deodorant F,0
9328,Deodorant F,0
9329,Deodorant F,0
9330,Deodorant F,0
9331,Deodorant F,0
9332,Deodorant F,0
9333,Deodorant F,0
9334,Deodorant F,0
9335,Deodorant F,0
9336,Deodorant F,0
9337,Deodorant F,0
9338,Deodorant F,0
9339,Deodorant F,0
9340,Deodorant F,0
9341,Deodorant F,0
9342,Deodorant F,0
9343,Deodorant F,0
9344,Deodorant F,0
9345,Deodorant F,0
9346,Deodorant F,0
9347,Deodorant F,0
9348,Deodorant F,0
9349,Deodorant F,0
9350,Deodorant F,0
9351,Deodorant F,0
9352,Deodorant F,0
9353,Deodorant F,0
9354,Deodorant F,0
9355,Deodorant F,0
9356,Deodorant F,0
9357,Deodorant F,0
9358,Deodorant F,0
9359,Deodorant F,0
9360,Deodorant F,0
9361,Deodorant F,0
9362,Deodorant F,0
9363,Deodorant F,0
9364,Deodorant F,0
9365,Deodorant F,0
9366,Deodorant F,0
9367,Deodorant F,0
9368,Deodorant F,0
9369,Deodorant F,0
9370,Deodorant F,0
9371,Deodorant F,0
9372,Deodorant F,0
9373,Deodorant F,0
9374,Deodorant F,0
9375,Deodorant F,0
9376,Deodorant F,0
9377,Deodorant F,0
9378,Deodorant F,0
9379,Deodorant F,0
9380,Deodorant F,0
9381,Deodorant F,0
9382,Deodorant F,0
9383,Deodorant F,0
9384,Deodorant F,0
9385,Deodorant F,0
9386,Deodorant F,0
9387,Deodorant F,0
9388,Deodorant F,0
9389,Deodorant F,0
9390,Deodorant F,0
9391,Deodorant F,0
9392,Deodorant F,0
9393,Deodorant F,0
9394,Deodorant F,0
9395,Deodorant F,0
9396,Deodorant F,0
9397,Deodorant F,0
9398,Deodorant F,0
9399,Deodorant F,0
15037,Deodorant F,0
15067,Deodorant F,0
15088,Deodorant F,0
15158,Deodorant F,0
15162,Deodorant F,0
15166,Deodorant F,0
15195,Deodorant F,0
15217,Deodorant F,0
15258,Deodorant F,0
15328,Deodorant F,0
15330,Deodorant F,0
15344,Deodorant F,0
15347,Deodorant F,0
15348,Deodorant F,0
15361,Deodorant F,0
15364,Deodorant F,0
15385,Deodorant F,0
15411,Deodorant F,0
15420,Deodorant F,0
15426,Deodorant F,0
15434,Deodorant F,0
15437,Deodorant F,0
15440,Deodorant F,0
15452,Deodorant F,0
15454,Deodorant F,0
15458,Deodorant F,0
15474,Deodorant F,0
15483,Deodorant F,0
15484,Deodorant F,0
15487,Deodorant F,0
15502,Deodorant F,0
15504,Deodorant F,0
15510,Deodorant F,0
15515,Deodorant F,0
15526,Deodorant F,0
15534,Deodorant F,0
15535,Deodorant F,0
15546,Deodorant F,0
15552,Deodorant F,0
15577,Deodorant F,0
15578,Deodorant F,0
15584,Deodorant F,0
15586,Deodorant F,0
15589,Deodorant F,0
15595,Deodorant F,0
15596,Deodorant F,0
15600,Deodorant F,0
15606,Deodorant F,0
15608,Deodorant F,0
15614,Deodorant F,0
15617,Deodorant F,0
15625,Deodorant F,0
15639,Deodorant F,0
15640,Deodorant F,0
15651,Deodorant F,0
15652,Deodorant F,0
15653,Deodorant F,0
15667,Deodorant F,0
15668,Deodorant F,0
15672,Deodorant F,0
15673,Deodorant F,0
15688,Deodorant F,0
15690,Deodorant F,0
15693,Deodorant F,0
15711,Deodorant F,0
15712,Deodorant F,0
15715,Deodorant F,0
15719,Deodorant F,0
15721,Deodorant F,0
15733,Deodorant F,0
15741,Deodorant F,0
15755,Deodorant F,0
15757,Deodorant F,0
15771,Deodorant F,0
15772,Deodorant F,0
15775,Deodorant F,0
15812,Deodorant F,0
15819,Deodorant F,0
15826,Deodorant F,0
15848,Deodorant F,0
15859,Deodorant F,0
15860,Deodorant F,0
15866,Deodorant F,0
15869,Deodorant F,0
15870,Deodorant F,0
15875,Deodorant F,0
15886,Deodorant F,0
15895,Deodorant F,0
15906,Deodorant F,0
15927,Deodorant F,0
15956,Deodorant F,0
15962,Deodorant F,0
15966,Deodorant F,0
15975,Deodorant F,0
15981,Deodorant F,0
15993,Deodorant F,0
16002,Deodorant F,0
16003,Deodorant F,0
16010,Deodorant F,0
16013,Deodorant F,0
16014,Deodorant F,0
16021,Deodorant F,0
16022,Deodorant F,0
16037,Deodorant F,0
16047,Deodorant F,0
16053,Deodorant F,0
16063,Deodorant F,0
16085,Deodorant F,0
16110,Deodorant F,0
16113,Deodorant F,0
16119,Deodorant F,0
16120,Deodorant F,0
16126,Deodorant F,0
16127,Deodorant F,0
16140,Deodorant F,0
16148,Deodorant F,0
16155,Deodorant F,0
16161,Deodorant F,0
16196,Deodorant F,0
16197,Deodorant F,0
14100,Deodorant G,0
14101,Deodorant G,0
14102,Deodorant G,0
14103,Deodorant G,0
14104,Deodorant G,0
14105,Deodorant G,0
14106,Deodorant G,0
14107,Deodorant G,0
14108,Deodorant G,0
14109,Deodorant G,0
14110,Deodorant G,0
14111,Deodorant G,0
14112,Deodorant G,0
14113,Deodorant G,0
14114,Deodorant G,0
14115,Deodorant G,0
14116,Deodorant G,0
14117,Deodorant G,0
14118,Deodorant G,0
14119,Deodorant G,0
14120,Deodorant G,0
14121,Deodorant G,0
14122,Deodorant G,0
14123,Deodorant G,0
14124,Deodorant G,0
14125,Deodorant G,0
14126,Deodorant G,0
14127,Deodorant G,0
14128,Deodorant G,0
14129,Deodorant G,0
14130,Deodorant G,0
14131,Deodorant G,0
14132,Deodorant G,0
14133,Deodorant G,0
14134,Deodorant G,0
14135,Deodorant G,0
14136,Deodorant G,0
14137,Deodorant G,0
14138,Deodorant G,0
14139,Deodorant G,0
14140,Deodorant G,0
14141,Deodorant G,0
14142,Deodorant G,0
14143,Deodorant G,0
14144,Deodorant G,0
14145,Deodorant G,0
14146,Deodorant G,0
14147,Deodorant G,0
14148,Deodorant G,0
14149,Deodorant G,0
14150,Deodorant G,0
14151,Deodorant G,0
14152,Deodorant G,0
14153,Deodorant G,0
14154,Deodorant G,0
14155,Deodorant G,0
14156,Deodorant G,0
14157,Deodorant G,0
14158,Deodorant G,0
14159,Deodorant G,0
14160,Deodorant G,0
14161,Deodorant G,0
14162,Deodorant G,0
14163,Deodorant G,0
14164,Deodorant G,0
14165,Deodorant G,0
14166,Deodorant G,0
14167,Deodorant G,0
14168,Deodorant G,0
14169,Deodorant G,0
14170,Deodorant G,0
14171,Deodorant G,0
14172,Deodorant G,0
14173,Deodorant G,0
14174,Deodorant G,0
14175,Deodorant G,0
14176,Deodorant G,0
14177,Deodorant G,0
14178,Deodorant G,0
14179,Deodorant G,0
14180,Deodorant G,0
14181,Deodorant G,0
14182,Deodorant G,0
14183,Deodorant G,0
14184,Deodorant G,0
14185,Deodorant G,0
14186,Deodorant G,0
14187,Deodorant G,0
14188,Deodorant G,0
14189,Deodorant G,0
14190,Deodorant G,0
14191,Deodorant G,0
14192,Deodorant G,0
14193,Deodorant G,0
14194,Deodorant G,0
14195,Deodorant G,0
14196,Deodorant G,0
14197,Deodorant G,0
14198,Deodorant G,0
14199,Deodorant G,0
14200,Deodorant G,0
14201,Deodorant G,0
14202,Deodorant G,0
14203,Deodorant G,0
14204,Deodorant G,0
14205,Deodorant G,0
14206,Deodorant G,0
14207,Deodorant G,0
14208,Deodorant G,0
14209,Deodorant G,0
14210,Deodorant G,0
14211,Deodorant G,0
14212,Deodorant G,0
14213,Deodorant G,0
14214,Deodorant G,0
14215,Deodorant G,0
14216,Deodorant G,0
14217,Deodorant G,0
14218,Deodorant G,0
14219,Deodorant G,0
14220,Deodorant G,0
14221,Deodorant G,0
14222,Deodorant G,0
14223,Deodorant G,0
14224,Deodorant G,0
14225,Deodorant G,0
14226,Deodorant G,0
14227,Deodorant G,0
14228,Deodorant G,0
14229,Deodorant G,0
14230,Deodorant G,0
14231,Deodorant G,0
14232,Deodorant G,0
14233,Deodorant G,0
14234,Deodorant G,0
14235,Deodorant G,0
14236,Deodorant G,0
14237,Deodorant G,0
14238,Deodorant G,0
14239,Deodorant G,0
14240,Deodorant G,0
14241,Deodorant G,0
14242,Deodorant G,0
14243,Deodorant G,0
14244,Deodorant G,0
14245,Deodorant G,0
14246,Deodorant G,0
14247,Deodorant G,0
14248,Deodorant G,0
14249,Deodorant G,0
14250,Deodorant G,0
14251,Deodorant G,0
14252,Deodorant G,0
14253,Deodorant G,0
14254,Deodorant G,0
14255,Deodorant G,0
14256,Deodorant G,0
14257,Deodorant G,0
14258,Deodorant G,0
14259,Deodorant G,0
14260,Deodorant G,0
14261,Deodorant G,0
14262,Deodorant G,0
14263,Deodorant G,0
14264,Deodorant G,0
14265,Deodorant G,0
14266,Deodorant G,0
14267,Deodorant G,0
14268,Deodorant G,0
14269,Deodorant G,0
14270,Deodorant G,0
14271,Deodorant G,0
14272,Deodorant G,0
14273,Deodorant G,0
14274,Deodorant G,0
14275,Deodorant G,0
14276,Deodorant G,0
14277,Deodorant G,0
14278,Deodorant G,0
14279,Deodorant G,0
14280,Deodorant G,0
14281,Deodorant G,0
14282,Deodorant G,0
14283,Deodorant G,0
14284,Deodorant G,0
14285,Deodorant G,0
14286,Deodorant G,0
14287,Deodorant G,0
14288,Deodorant G,0
14289,Deodorant G,0
14290,Deodorant G,0
14291,Deodorant G,0
14292,Deodorant G,0
14293,Deodorant G,0
14294,Deodorant G,0
14295,Deodorant G,0
14296,Deodorant G,0
14297,Deodorant G,0
14298,Deodorant G,0
14299,Deodorant G,0
14300,Deodorant G,0
14301,Deodorant G,0
14302,Deodorant G,0
14303,Deodorant G,0
14304,Deodorant G,0
14305,Deodorant G,0
14306,Deodorant G,0
14307,Deodorant G,0
14308,Deodorant G,0
14309,Deodorant G,0
14310,Deodorant G,0
14311,Deodorant G,0
14312,Deodorant G,0
14313,Deodorant G,0
14314,Deodorant G,0
14315,Deodorant G,0
14316,Deodorant G,0
14317,Deodorant G,0
14318,Deodorant G,0
14319,Deodorant G,0
14320,Deodorant G,0
14321,Deodorant G,0
14322,Deodorant G,0
14323,Deodorant G,0
14324,Deodorant G,0
14325,Deodorant G,0
14326,Deodorant G,0
14327,Deodorant G,0
14328,Deodorant G,0
14329,Deodorant G,0
14330,Deodorant G,0
14331,Deodorant G,0
14332,Deodorant G,0
14333,Deodorant G,0
14334,Deodorant G,0
14335,Deodorant G,0
14336,Deodorant G,0
14337,Deodorant G,0
14338,Deodorant G,0
14339,Deodorant G,0
14340,Deodorant G,0
14341,Deodorant G,0
14342,Deodorant G,0
14343,Deodorant G,0
14344,Deodorant G,0
14345,Deodorant G,0
14346,Deodorant G,0
14347,Deodorant G,0
14348,Deodorant G,0
14349,Deodorant G,0
14350,Deodorant G,0
14351,Deodorant G,0
14352,Deodorant G,0
14353,Deodorant G,0
14354,Deodorant G,0
14355,Deodorant G,0
14356,Deodorant G,0
14357,Deodorant G,0
14358,Deodorant G,0
14359,Deodorant G,0
14360,Deodorant G,0
14361,Deodorant G,0
14362,Deodorant G,0
14363,Deodorant G,0
14364,Deodorant G,0
14365,Deodorant G,0
14366,Deodorant G,0
14367,Deodorant G,0
14368,Deodorant G,0
14369,Deodorant G,0
14370,Deodorant G,0
14371,Deodorant G,0
14372,Deodorant G,0
14373,Deodorant G,0
14374,Deodorant G,0
14375,Deodorant G,0
14376,Deodorant G,0
14377,Deodorant G,0
14378,Deodorant G,0
14379,Deodorant G,0
14380,Deodorant G,0
14381,Deodorant G,0
14382,Deodorant G,0
14383,Deodorant G,0
14384,Deodorant G,0
14385,Deodorant G,0
14386,Deodorant G,0
14387,Deodorant G,0
14388,Deodorant G,0
14389,Deodorant G,0
14390,Deodorant G,0
14391,Deodorant G,0
14392,Deodorant G,0
14393,Deodorant G,0
14394,Deodorant G,0
14395,Deodorant G,0
14396,Deodorant G,0
14397,Deodorant G,0
14398,Deodorant G,0
14399,Deodorant G,0
14400,Deodorant G,0
14401,Deodorant G,0
14402,Deodorant G,0
14403,Deodorant G,0
14404,Deodorant G,0
14405,Deodorant G,0
14406,Deodorant G,0
14407,Deodorant G,0
14408,Deodorant G,0
14409,Deodorant G,0
14410,Deodorant G,0
14411,Deodorant G,0
14412,Deodorant G,0
14413,Deodorant G,0
14414,Deodorant G,0
14415,Deodorant G,0
14416,Deodorant G,0
14417,Deodorant G,0
14418,Deodorant G,0
14419,Deodorant G,0
14420,Deodorant G,0
14421,Deodorant G,0
14422,Deodorant G,0
14423,Deodorant G,0
14424,Deodorant G,0
14425,Deodorant G,0
14426,Deodorant G,0
14427,Deodorant G,0
14428,Deodorant G,0
14429,Deodorant G,0
14430,Deodorant G,0
14431,Deodorant G,0
14432,Deodorant G,0
14433,Deodorant G,0
14434,Deodorant G,0
14435,Deodorant G,0
14436,Deodorant G,0
14437,Deodorant G,0
14438,Deodorant G,0
14439,Deodorant G,0
14440,Deodorant G,0
14441,Deodorant G,0
14442,Deodorant G,0
14443,Deodorant G,0
14444,Deodorant G,0
14445,Deodorant G,0
14446,Deodorant G,0
14447,Deodorant G,0
14448,Deodorant G,0
14449,Deodorant G,0
14450,Deodorant G,0
14451,Deodorant G,0
14452,Deodorant G,0
14453,Deodorant G,0
14454,Deodorant G,0
14455,Deodorant G,0
14456,Deodorant G,0
14457,Deodorant G,0
14458,Deodorant G,0
14459,Deodorant G,0
14460,Deodorant G,0
14461,Deodorant G,0
14462,Deodorant G,0
14463,Deodorant G,0
14464,Deodorant G,0
14465,Deodorant G,0
14466,Deodorant G,0
14467,Deodorant G,0
14468,Deodorant G,0
14469,Deodorant G,0
14470,Deodorant G,0
14471,Deodorant G,0
14472,Deodorant G,0
14473,Deodorant G,0
14474,Deodorant G,0
14475,Deodorant G,0
14476,Deodorant G,0
14477,Deodorant G,0
14478,Deodorant G,0
14479,Deodorant G,0
14480,Deodorant G,0
14481,Deodorant G,0
14482,Deodorant G,0
14483,Deodorant G,0
14484,Deodorant G,0
14485,Deodorant G,0
14486,Deodorant G,0
14487,Deodorant G,0
14488,Deodorant G,0
14489,Deodorant G,0
14490,Deodorant G,0
14491,Deodorant G,0
14492,Deodorant G,0
14493,Deodorant G,0
14494,Deodorant G,0
14495,Deodorant G,0
14496,Deodorant G,0
14497,Deodorant G,0
14498,Deodorant G,0
14499,Deodorant G,0
14500,Deodorant G,0
14501,Deodorant G,0
14502,Deodorant G,0
14503,Deodorant G,0
14504,Deodorant G,0
14505,Deodorant G,0
14506,Deodorant G,0
14507,Deodorant G,0
14508,Deodorant G,0
14509,Deodorant G,0
14510,Deodorant G,0
14511,Deodorant G,0
14512,Deodorant G,0
14513,Deodorant G,0
14514,Deodorant G,0
14515,Deodorant G,0
14516,Deodorant G,0
14517,Deodorant G,0
14518,Deodorant G,0
14519,Deodorant G,0
14520,Deodorant G,0
14521,Deodorant G,0
14522,Deodorant G,0
14523,Deodorant G,0
14524,Deodorant G,0
14525,Deodorant G,0
14526,Deodorant G,0
14527,Deodorant G,0
14528,Deodorant G,0
14529,Deodorant G,0
14530,Deodorant G,0
14531,Deodorant G,0
14532,Deodorant G,0
14533,Deodorant G,0
14534,Deodorant G,0
14535,Deodorant G,0
14536,Deodorant G,0
14537,Deodorant G,0
14538,Deodorant G,0
14539,Deodorant G,0
14540,Deodorant G,0
14541,Deodorant G,0
14542,Deodorant G,0
14543,Deodorant G,0
14544,Deodorant G,0
14545,Deodorant G,0
14546,Deodorant G,0
14547,Deodorant G,0
14548,Deodorant G,0
14549,Deodorant G,0
14550,Deodorant G,0
14551,Deodorant G,0
14552,Deodorant G,0
14553,Deodorant G,0
14554,Deodorant G,0
14555,Deodorant G,0
14556,Deodorant G,0
14557,Deodorant G,0
14558,Deodorant G,0
14559,Deodorant G,0
14560,Deodorant G,0
14561,Deodorant G,0
14562,Deodorant G,0
14563,Deodorant G,0
14564,Deodorant G,0
14565,Deodorant G,0
14566,Deodorant G,0
14567,Deodorant G,0
14568,Deodorant G,0
14569,Deodorant G,0
14570,Deodorant G,0
14571,Deodorant G,0
14572,Deodorant G,0
14573,Deodorant G,0
14574,Deodorant G,0
14575,Deodorant G,0
14576,Deodorant G,0
14577,Deodorant G,0
14578,Deodorant G,0
14579,Deodorant G,0
14580,Deodorant G,0
14581,Deodorant G,0
14582,Deodorant G,0
14583,Deodorant G,0
14584,Deodorant G,0
14585,Deodorant G,0
14586,Deodorant G,0
14587,Deodorant G,0
14588,Deodorant G,0
14589,Deodorant G,0
14590,Deodorant G,0
14591,Deodorant G,0
14592,Deodorant G,0
14593,Deodorant G,0
14594,Deodorant G,0
14595,Deodorant G,0
14596,Deodorant G,0
14597,Deodorant G,0
14598,Deodorant G,0
14599,Deodorant G,0
14600,Deodorant G,0
14601,Deodorant G,0
14602,Deodorant G,0
14603,Deodorant G,0
14604,Deodorant G,0
14605,Deodorant G,0
14606,Deodorant G,0
14607,Deodorant G,0
14608,Deodorant G,0
14609,Deodorant G,0
14610,Deodorant G,0
14611,Deodorant G,0
14612,Deodorant G,0
14613,Deodorant G,0
14614,Deodorant G,0
14615,Deodorant G,0
14616,Deodorant G,0
14617,Deodorant G,0
14618,Deodorant G,0
14619,Deodorant G,0
14620,Deodorant G,0
14621,Deodorant G,0
14622,Deodorant G,0
14623,Deodorant G,0
14624,Deodorant G,0
14625,Deodorant G,0
14626,Deodorant G,0
14627,Deodorant G,0
14628,Deodorant G,0
14629,Deodorant G,0
14630,Deodorant G,0
14631,Deodorant G,0
14632,Deodorant G,0
14633,Deodorant G,0
14634,Deodorant G,0
14635,Deodorant G,0
14636,Deodorant G,0
14637,Deodorant G,0
14638,Deodorant G,0
14639,Deodorant G,0
14640,Deodorant G,0
14641,Deodorant G,0
14642,Deodorant G,0
14643,Deodorant G,0
14644,Deodorant G,0
14645,Deodorant G,0
14646,Deodorant G,0
14647,Deodorant G,0
14648,Deodorant G,0
14649,Deodorant G,0
14650,Deodorant G,0
14651,Deodorant G,0
14652,Deodorant G,0
14653,Deodorant G,0
14654,Deodorant G,0
14655,Deodorant G,0
14656,Deodorant G,0
14657,Deodorant G,0
14658,Deodorant G,0
14659,Deodorant G,0
14660,Deodorant G,0
14661,Deodorant G,0
14662,Deodorant G,0
14663,Deodorant G,0
14664,Deodorant G,0
14665,Deodorant G,0
14666,Deodorant G,0
14667,Deodorant G,0
14668,Deodorant G,0
14669,Deodorant G,0
14670,Deodorant G,0
14671,Deodorant G,0
14672,Deodorant G,0
14673,Deodorant G,0
14674,Deodorant G,0
14675,Deodorant G,0
14676,Deodorant G,0
14677,Deodorant G,0
14678,Deodorant G,0
14679,Deodorant G,0
14680,Deodorant G,0
14681,Deodorant G,0
14682,Deodorant G,0
14683,Deodorant G,0
14684,Deodorant G,0
14685,Deodorant G,0
14686,Deodorant G,0
14687,Deodorant G,0
14688,Deodorant G,0
14689,Deodorant G,0
14690,Deodorant G,0
14691,Deodorant G,0
14692,Deodorant G,0
14693,Deodorant G,0
14694,Deodorant G,0
14695,Deodorant G,0
14696,Deodorant G,0
14697,Deodorant G,0
14698,Deodorant G,0
14699,Deodorant G,0
14700,Deodorant G,0
14701,Deodorant G,0
14702,Deodorant G,0
14703,Deodorant G,0
14704,Deodorant G,0
14705,Deodorant G,0
14706,Deodorant G,0
14707,Deodorant G,0
14708,Deodorant G,0
14709,Deodorant G,0
14710,Deodorant G,0
14711,Deodorant G,0
14712,Deodorant G,0
14713,Deodorant G,0
14714,Deodorant G,0
14715,Deodorant G,0
14716,Deodorant G,0
14717,Deodorant G,0
14718,Deodorant G,0
14719,Deodorant G,0
14720,Deodorant G,0
14721,Deodorant G,0
14722,Deodorant G,0
14723,Deodorant G,0
14724,Deodorant G,0
14725,Deodorant G,0
14726,Deodorant G,0
14727,Deodorant G,0
14728,Deodorant G,0
14729,Deodorant G,0
14730,Deodorant G,0
14731,Deodorant G,0
14732,Deodorant G,0
14733,Deodorant G,0
14734,Deodorant G,0
14735,Deodorant G,0
14736,Deodorant G,0
14737,Deodorant G,0
14738,Deodorant G,0
14739,Deodorant G,0
14740,Deodorant G,0
14741,Deodorant G,0
14742,Deodorant G,0
14743,Deodorant G,0
14744,Deodorant G,0
14745,Deodorant G,0
14746,Deodorant G,0
14747,Deodorant G,0
14748,Deodorant G,0
14749,Deodorant G,0
14750,Deodorant G,0
14751,Deodorant G,0
14752,Deodorant G,0
14753,Deodorant G,0
14754,Deodorant G,0
14755,Deodorant G,0
14756,Deodorant G,0
14757,Deodorant G,0
14758,Deodorant G,0
14759,Deodorant G,0
14760,Deodorant G,0
14761,Deodorant G,0
14762,Deodorant G,0
14763,Deodorant G,0
14764,Deodorant G,0
14765,Deodorant G,0
14766,Deodorant G,0
14767,Deodorant G,0
14768,Deodorant G,0
14769,Deodorant G,0
14770,Deodorant G,0
14771,Deodorant G,0
14772,Deodorant G,0
14773,Deodorant G,0
14774,Deodorant G,0
14775,Deodorant G,0
14776,Deodorant G,0
14777,Deodorant G,0
14778,Deodorant G,0
14779,Deodorant G,0
14780,Deodorant G,0
14781,Deodorant G,0
14782,Deodorant G,0
14783,Deodorant G,0
14784,Deodorant G,0
14785,Deodorant G,0
14786,Deodorant G,0
14787,Deodorant G,0
14788,Deodorant G,0
14789,Deodorant G,0
14790,Deodorant G,0
14791,Deodorant G,0
14792,Deodorant G,0
14793,Deodorant G,0
14794,Deodorant G,0
14795,Deodorant G,0
14796,Deodorant G,0
14797,Deodorant G,0
14798,Deodorant G,0
14799,Deodorant G,0
14800,Deodorant G,0
14801,Deodorant G,0
14802,Deodorant G,0
14803,Deodorant G,0
14804,Deodorant G,0
14805,Deodorant G,0
14806,Deodorant G,0
14807,Deodorant G,0
14808,Deodorant G,0
14809,Deodorant G,0
14810,Deodorant G,0
14811,Deodorant G,0
14812,Deodorant G,0
14813,Deodorant G,0
14814,Deodorant G,0
14815,Deodorant G,0
14816,Deodorant G,0
14817,Deodorant G,0
14818,Deodorant G,0
14819,Deodorant G,0
14820,Deodorant G,0
14821,Deodorant G,0
14822,Deodorant G,0
14823,Deodorant G,0
14824,Deodorant G,0
14825,Deodorant G,0
14826,Deodorant G,0
14827,Deodorant G,0
14828,Deodorant G,0
14829,Deodorant G,0
14830,Deodorant G,0
14831,Deodorant G,0
14832,Deodorant G,0
14833,Deodorant G,0
14834,Deodorant G,0
14835,Deodorant G,0
14836,Deodorant G,0
14837,Deodorant G,0
14838,Deodorant G,0
14839,Deodorant G,0
14840,Deodorant G,0
14841,Deodorant G,0
14842,Deodorant G,0
14843,Deodorant G,0
14844,Deodorant G,0
14845,Deodorant G,0
14846,Deodorant G,0
14847,Deodorant G,0
14848,Deodorant G,0
14849,Deodorant G,0
14850,Deodorant G,0
14851,Deodorant G,0
14852,Deodorant G,0
14853,Deodorant G,0
14854,Deodorant G,0
14855,Deodorant G,0
14856,Deodorant G,0
14857,Deodorant G,0
14858,Deodorant G,0
14859,Deodorant G,0
14860,Deodorant G,0
14861,Deodorant G,0
14862,Deodorant G,0
14863,Deodorant G,0
14864,Deodorant G,0
14865,Deodorant G,0
14866,Deodorant G,0
14867,Deodorant G,0
14868,Deodorant G,0
14869,Deodorant G,0
14870,Deodorant G,0
14871,Deodorant G,0
14872,Deodorant G,0
14873,Deodorant G,0
14874,Deodorant G,0
14875,Deodorant G,0
14876,Deodorant G,0
14877,Deodorant G,0
14878,Deodorant G,0
14879,Deodorant G,0
14880,Deodorant G,0
14881,Deodorant G,0
14882,Deodorant G,0
14883,Deodorant G,0
14884,Deodorant G,0
14885,Deodorant G,0
14886,Deodorant G,0
14887,Deodorant G,0
14888,Deodorant G,0
14889,Deodorant G,0
14890,Deodorant G,0
14891,Deodorant G,0
14892,Deodorant G,0
14893,Deodorant G,0
14894,Deodorant G,0
14895,Deodorant G,0
14896,Deodorant G,0
14897,Deodorant G,0
14898,Deodorant G,0
14899,Deodorant G,0
14900,Deodorant G,0
14901,Deodorant G,0
14902,Deodorant G,0
14903,Deodorant G,0
14904,Deodorant G,0
14905,Deodorant G,0
14906,Deodorant G,0
14907,Deodorant G,0
14908,Deodorant G,0
14909,Deodorant G,0
14910,Deodorant G,0
14911,Deodorant G,0
14912,Deodorant G,0
14913,Deodorant G,0
14914,Deodorant G,0
14915,Deodorant G,0
14916,Deodorant G,0
14917,Deodorant G,0
14918,Deodorant G,0
14919,Deodorant G,0
14920,Deodorant G,0
14921,Deodorant G,0
14922,Deodorant G,0
14923,Deodorant G,0
14924,Deodorant G,0
14925,Deodorant G,0
14926,Deodorant G,0
14927,Deodorant G,0
14928,Deodorant G,0
14929,Deodorant G,0
14930,Deodorant G,0
14931,Deodorant G,0
14932,Deodorant G,0
14933,Deodorant G,0
14934,Deodorant G,0
14935,Deodorant G,0
14936,Deodorant G,0
14937,Deodorant G,0
14938,Deodorant G,0
14939,Deodorant G,0
14940,Deodorant G,0
14941,Deodorant G,0
14942,Deodorant G,0
14943,Deodorant G,0
14944,Deodorant G,0
14945,Deodorant G,0
14946,Deodorant G,0
14947,Deodorant G,0
14948,Deodorant G,0
14949,Deodorant G,0
14950,Deodorant G,0
14951,Deodorant G,0
14952,Deodorant G,0
14953,Deodorant G,0
14954,Deodorant G,0
14955,Deodorant G,0
14956,Deodorant G,0
14957,Deodorant G,0
14958,Deodorant G,0
14959,Deodorant G,0
14960,Deodorant G,0
14961,Deodorant G,0
14962,Deodorant G,0
14963,Deodorant G,0
14964,Deodorant G,0
14965,Deodorant G,0
14966,Deodorant G,0
14967,Deodorant G,0
14968,Deodorant G,0
14969,Deodorant G,0
14970,Deodorant G,0
14971,Deodorant G,0
14972,Deodorant G,0
14973,Deodorant G,0
14974,Deodorant G,0
14975,Deodorant G,0
14976,Deodorant G,0
14977,Deodorant G,0
14978,Deodorant G,0
14979,Deodorant G,0
14980,Deodorant G,0
14981,Deodorant G,0
14982,Deodorant G,0
14983,Deodorant G,0
14984,Deodorant G,0
14985,Deodorant G,0
14986,Deodorant G,0
14987,Deodorant G,0
14988,Deodorant G,0
14989,Deodorant G,0
14990,Deodorant G,0
14991,Deodorant G,0
14992,Deodorant G,0
14993,Deodorant G,0
14994,Deodorant G,0
14995,Deodorant G,0
14996,Deodorant G,0
14997,Deodorant G,0
14998,Deodorant G,0
14999,Deodorant G,0
15000,Deodorant G,0
15083,Deodorant G,0
15145,Deodorant G,0
15146,Deodorant G,0
15149,Deodorant G,0
15154,Deodorant G,0
15163,Deodorant G,0
15182,Deodorant G,0
15212,Deodorant G,0
15221,Deodorant G,0
15224,Deodorant G,0
15267,Deodorant G,0
15269,Deodorant G,0
15353,Deodorant G,0
15365,Deodorant G,0
15367,Deodorant G,0
15403,Deodorant G,0
15416,Deodorant G,0
15419,Deodorant G,0
15421,Deodorant G,0
15435,Deodorant G,0
15438,Deodorant G,0
15448,Deodorant G,0
15450,Deodorant G,0
15455,Deodorant G,0
15473,Deodorant G,0
15492,Deodorant G,0
15497,Deodorant G,0
15508,Deodorant G,0
15511,Deodorant G,0
15513,Deodorant G,0
15529,Deodorant G,0
15537,Deodorant G,0
15545,Deodorant G,0
15549,Deodorant G,0
15550,Deodorant G,0
15553,Deodorant G,0
15572,Deodorant G,0
15573,Deodorant G,0
15575,Deodorant G,0
15585,Deodorant G,0
15599,Deodorant G,0
15604,Deodorant G,0
15609,Deodorant G,0
15618,Deodorant G,0
15624,Deodorant G,0
15627,Deodorant G,0
15637,Deodorant G,0
15645,Deodorant G,0
15647,Deodorant G,0
15655,Deodorant G,0
15658,Deodorant G,0
15661,Deodorant G,0
15662,Deodorant G,0
15663,Deodorant G,0
15665,Deodorant G,0
15666,Deodorant G,0
15669,Deodorant G,0
15680,Deodorant G,0
15684,Deodorant G,0
15685,Deodorant G,0
15686,Deodorant G,0
15704,Deodorant G,0
15706,Deodorant G,0
15713,Deodorant G,0
15720,Deodorant G,0
15722,Deodorant G,0
15727,Deodorant G,0
15731,Deodorant G,0
15738,Deodorant G,0
15740,Deodorant G,0
15744,Deodorant G,0
15754,Deodorant G,0
15759,Deodorant G,0
15778,Deodorant G,0
15781,Deodorant G,0
15797,Deodorant G,0
15815,Deodorant G,0
15823,Deodorant G,0
15845,Deodorant G,0
15871,Deodorant G,0
15873,Deodorant G,0
15874,Deodorant G,0
15879,Deodorant G,0
15900,Deodorant G,0
15957,Deodorant G,0
15960,Deodorant G,0
15963,Deodorant G,0
15968,Deodorant G,0
15983,Deodorant G,0
15990,Deodorant G,0
15995,Deodorant G,0
16007,Deodorant G,0
16009,Deodorant G,0
16011,Deodorant G,0
16017,Deodorant G,0
16019,Deodorant G,0
16023,Deodorant G,0
16025,Deodorant G,0
16026,Deodorant G,0
16032,Deodorant G,0
16038,Deodorant G,0
16042,Deodorant G,0
16048,Deodorant G,0
16057,Deodorant G,0
16058,Deodorant G,0
16081,Deodorant G,0
16088,Deodorant G,0
16089,Deodorant G,0
16096,Deodorant G,0
16099,Deodorant G,0
16101,Deodorant G,0
16109,Deodorant G,0
16116,Deodorant G,0
16131,Deodorant G,0
16132,Deodorant G,0
16149,Deodorant G,0
16167,Deodorant G,0
16203,Deodorant G,0
16208,Deodorant G,0
9900,Deodorant H,0
9901,Deodorant H,0
9902,Deodorant H,0
9903,Deodorant H,0
9904,Deodorant H,0
9905,Deodorant H,0
9906,Deodorant H,0
9907,Deodorant H,0
9908,Deodorant H,0
9909,Deodorant H,0
9910,Deodorant H,0
9911,Deodorant H,0
9912,Deodorant H,0
9913,Deodorant H,0
9914,Deodorant H,0
9915,Deodorant H,0
9916,Deodorant H,0
9917,Deodorant H,0
9918,Deodorant H,0
9919,Deodorant H,0
9920,Deodorant H,0
9921,Deodorant H,0
9922,Deodorant H,0
9923,Deodorant H,0
9924,Deodorant H,0
9925,Deodorant H,0
9926,Deodorant H,0
9927,Deodorant H,0
9928,Deodorant H,0
9929,Deodorant H,0
9930,Deodorant H,0
9931,Deodorant H,0
9932,Deodorant H,0
9933,Deodorant H,0
9934,Deodorant H,0
9935,Deodorant H,0
9936,Deodorant H,0
9937,Deodorant H,0
9938,Deodorant H,0
9939,Deodorant H,0
9940,Deodorant H,0
9941,Deodorant H,0
9942,Deodorant H,0
9943,Deodorant H,0
9944,Deodorant H,0
9945,Deodorant H,0
9946,Deodorant H,0
9947,Deodorant H,0
9948,Deodorant H,0
9949,Deodorant H,0
9950,Deodorant H,0
9951,Deodorant H,0
9952,Deodorant H,0
9953,Deodorant H,0
9954,Deodorant H,0
9955,Deodorant H,0
9956,Deodorant H,0
9957,Deodorant H,0
9958,Deodorant H,0
9959,Deodorant H,0
9960,Deodorant H,0
9961,Deodorant H,0
9962,Deodorant H,0
9963,Deodorant H,0
9964,Deodorant H,0
9965,Deodorant H,0
9966,Deodorant H,0
9967,Deodorant H,0
9968,Deodorant H,0
9969,Deodorant H,0
9970,Deodorant H,0
9971,Deodorant H,0
9972,Deodorant H,0
9973,Deodorant H,0
9974,Deodorant H,0
9975,Deodorant H,0
9976,Deodorant H,0
9977,Deodorant H,0
9978,Deodorant H,0
9979,Deodorant H,0
9980,Deodorant H,0
9981,Deodorant H,0
9982,Deodorant H,0
9983,Deodorant H,0
9984,Deodorant H,0
9985,Deodorant H,0
9986,Deodorant H,0
9987,Deodorant H,0
9988,Deodorant H,0
9989,Deodorant H,0
9990,Deodorant H,0
9991,Deodorant H,0
9992,Deodorant H,0
9993,Deodorant H,0
9994,Deodorant H,0
9995,Deodorant H,0
9996,Deodorant H,0
9997,Deodorant H,0
9998,Deodorant H,0
9999,Deodorant H,0
10000,Deodorant H,0
10001,Deodorant H,0
10002,Deodorant H,0
10003,Deodorant H,0
10004,Deodorant H,0
10005,Deodorant H,0
10006,Deodorant H,0
10007,Deodorant H,0
10008,Deodorant H,0
10009,Deodorant H,0
10010,Deodorant H,0
10011,Deodorant H,0
10012,Deodorant H,0
10013,Deodorant H,0
10014,Deodorant H,0
10015,Deodorant H,0
10016,Deodorant H,0
10017,Deodorant H,0
10018,Deodorant H,0
10019,Deodorant H,0
10020,Deodorant H,0
10021,Deodorant H,0
10022,Deodorant H,0
10023,Deodorant H,0
10024,Deodorant H,0
10025,Deodorant H,0
10026,Deodorant H,0
10027,Deodorant H,0
10028,Deodorant H,0
10029,Deodorant H,0
10030,Deodorant H,0
10031,Deodorant H,0
10032,Deodorant H,0
10033,Deodorant H,0
10034,Deodorant H,0
10035,Deodorant H,0
10036,Deodorant H,0
10037,Deodorant H,0
10038,Deodorant H,0
10039,Deodorant H,0
10040,Deodorant H,0
10041,Deodorant H,0
10042,Deodorant H,0
10043,Deodorant H,0
10044,Deodorant H,0
10045,Deodorant H,0
10046,Deodorant H,0
10047,Deodorant H,0
10048,Deodorant H,0
10049,Deodorant H,0
10050,Deodorant H,0
10051,Deodorant H,0
10052,Deodorant H,0
10053,Deodorant H,0
10054,Deodorant H,0
10055,Deodorant H,0
10056,Deodorant H,0
10057,Deodorant H,0
10058,Deodorant H,0
10059,Deodorant H,0
10060,Deodorant H,0
10061,Deodorant H,0
10062,Deodorant H,0
10063,Deodorant H,0
10064,Deodorant H,0
10065,Deodorant H,0
10066,Deodorant H,0
10067,Deodorant H,0
10068,Deodorant H,0
10069,Deodorant H,0
10070,Deodorant H,0
10071,Deodorant H,0
10072,Deodorant H,0
10073,Deodorant H,0
10074,Deodorant H,0
10075,Deodorant H,0
10076,Deodorant H,0
10077,Deodorant H,0
10078,Deodorant H,0
10079,Deodorant H,0
10080,Deodorant H,0
10081,Deodorant H,0
10082,Deodorant H,0
10083,Deodorant H,0
10084,Deodorant H,0
10085,Deodorant H,0
10086,Deodorant H,0
10087,Deodorant H,0
10088,Deodorant H,0
10089,Deodorant H,0
10090,Deodorant H,0
10091,Deodorant H,0
10092,Deodorant H,0
10093,Deodorant H,0
10094,Deodorant H,0
10095,Deodorant H,0
10096,Deodorant H,0
10097,Deodorant H,0
10098,Deodorant H,0
10099,Deodorant H,0
10100,Deodorant H,0
10101,Deodorant H,0
10102,Deodorant H,0
10103,Deodorant H,0
10104,Deodorant H,0
10105,Deodorant H,0
10106,Deodorant H,0
10107,Deodorant H,0
10108,Deodorant H,0
10109,Deodorant H,0
10110,Deodorant H,0
10111,Deodorant H,0
10112,Deodorant H,0
10113,Deodorant H,0
10114,Deodorant H,0
10115,Deodorant H,0
10116,Deodorant H,0
10117,Deodorant H,0
10118,Deodorant H,0
10119,Deodorant H,0
10120,Deodorant H,0
10121,Deodorant H,0
10122,Deodorant H,0
10123,Deodorant H,0
10124,Deodorant H,0
10125,Deodorant H,0
10126,Deodorant H,0
10127,Deodorant H,0
10128,Deodorant H,0
10129,Deodorant H,0
10130,Deodorant H,0
10131,Deodorant H,0
10132,Deodorant H,0
10133,Deodorant H,0
10134,Deodorant H,0
10135,Deodorant H,0
10136,Deodorant H,0
10137,Deodorant H,0
10138,Deodorant H,0
10139,Deodorant H,0
10140,Deodorant H,0
10141,Deodorant H,0
10142,Deodorant H,0
10143,Deodorant H,0
10144,Deodorant H,0
10145,Deodorant H,0
10146,Deodorant H,0
10147,Deodorant H,0
10148,Deodorant H,0
10149,Deodorant H,0
10150,Deodorant H,0
10151,Deodorant H,0
10152,Deodorant H,0
10153,Deodorant H,0
10154,Deodorant H,0
10155,Deodorant H,0
10156,Deodorant H,0
10157,Deodorant H,0
10158,Deodorant H,0
10159,Deodorant H,0
10160,Deodorant H,0
10161,Deodorant H,0
10162,Deodorant H,0
10163,Deodorant H,0
10164,Deodorant H,0
10165,Deodorant H,0
10166,Deodorant H,0
10167,Deodorant H,0
10168,Deodorant H,0
10169,Deodorant H,0
10170,Deodorant H,0
10171,Deodorant H,0
10172,Deodorant H,0
10173,Deodorant H,0
10174,Deodorant H,0
10175,Deodorant H,0
10176,Deodorant H,0
10177,Deodorant H,0
10178,Deodorant H,0
10179,Deodorant H,0
10180,Deodorant H,0
10181,Deodorant H,0
10182,Deodorant H,0
10183,Deodorant H,0
10184,Deodorant H,0
10185,Deodorant H,0
10186,Deodorant H,0
10187,Deodorant H,0
10188,Deodorant H,0
10189,Deodorant H,0
10190,Deodorant H,0
10191,Deodorant H,0
10192,Deodorant H,0
10193,Deodorant H,0
10194,Deodorant H,0
10195,Deodorant H,0
10196,Deodorant H,0
10197,Deodorant H,0
10198,Deodorant H,0
10199,Deodorant H,0
10200,Deodorant H,0
10201,Deodorant H,0
10202,Deodorant H,0
10203,Deodorant H,0
10204,Deodorant H,0
10205,Deodorant H,0
10206,Deodorant H,0
10207,Deodorant H,0
10208,Deodorant H,0
10209,Deodorant H,0
10210,Deodorant H,0
10211,Deodorant H,0
10212,Deodorant H,0
10213,Deodorant H,0
10214,Deodorant H,0
10215,Deodorant H,0
10216,Deodorant H,0
10217,Deodorant H,0
10218,Deodorant H,0
10219,Deodorant H,0
10220,Deodorant H,0
10221,Deodorant H,0
10222,Deodorant H,0
10223,Deodorant H,0
10224,Deodorant H,0
10225,Deodorant H,0
10226,Deodorant H,0
10227,Deodorant H,0
10228,Deodorant H,0
10229,Deodorant H,0
10230,Deodorant H,0
10231,Deodorant H,0
10232,Deodorant H,0
10233,Deodorant H,0
10234,Deodorant H,0
10235,Deodorant H,0
10236,Deodorant H,0
10237,Deodorant H,0
10238,Deodorant H,0
10239,Deodorant H,0
10240,Deodorant H,0
10241,Deodorant H,0
10242,Deodorant H,0
10243,Deodorant H,0
10244,Deodorant H,0
10245,Deodorant H,0
10246,Deodorant H,0
10247,Deodorant H,0
10248,Deodorant H,0
10249,Deodorant H,0
10250,Deodorant H,0
10251,Deodorant H,0
10252,Deodorant H,0
10253,Deodorant H,0
10254,Deodorant H,0
10255,Deodorant H,0
10256,Deodorant H,0
10257,Deodorant H,0
10258,Deodorant H,0
10259,Deodorant H,0
10260,Deodorant H,0
10261,Deodorant H,0
10262,Deodorant H,0
10263,Deodorant H,0
10264,Deodorant H,0
10265,Deodorant H,0
10266,Deodorant H,0
10267,Deodorant H,0
10268,Deodorant H,0
10269,Deodorant H,0
10270,Deodorant H,0
10271,Deodorant H,0
10272,Deodorant H,0
10273,Deodorant H,0
10274,Deodorant H,0
10275,Deodorant H,0
10276,Deodorant H,0
10277,Deodorant H,0
10278,Deodorant H,0
10279,Deodorant H,0
10280,Deodorant H,0
10281,Deodorant H,0
10282,Deodorant H,0
10283,Deodorant H,0
10284,Deodorant H,0
10285,Deodorant H,0
10286,Deodorant H,0
10287,Deodorant H,0
10288,Deodorant H,0
10289,Deodorant H,0
10290,Deodorant H,0
10291,Deodorant H,0
10292,Deodorant H,0
10293,Deodorant H,0
10294,Deodorant H,0
10295,Deodorant H,0
10296,Deodorant H,0
10297,Deodorant H,0
10298,Deodorant H,0
10299,Deodorant H,0
10300,Deodorant H,0
10301,Deodorant H,0
10302,Deodorant H,0
10303,Deodorant H,0
10304,Deodorant H,0
10305,Deodorant H,0
10306,Deodorant H,0
10307,Deodorant H,0
10308,Deodorant H,0
10309,Deodorant H,0
10310,Deodorant H,0
10311,Deodorant H,0
10312,Deodorant H,0
10313,Deodorant H,0
10314,Deodorant H,0
10315,Deodorant H,0
10316,Deodorant H,0
10317,Deodorant H,0
10318,Deodorant H,0
10319,Deodorant H,0
10320,Deodorant H,0
10321,Deodorant H,0
10322,Deodorant H,0
10323,Deodorant H,0
10324,Deodorant H,0
10325,Deodorant H,0
10326,Deodorant H,0
10327,Deodorant H,0
10328,Deodorant H,0
10329,Deodorant H,0
10330,Deodorant H,0
10331,Deodorant H,0
10332,Deodorant H,0
10333,Deodorant H,0
10334,Deodorant H,0
10335,Deodorant H,0
10336,Deodorant H,0
10337,Deodorant H,0
10338,Deodorant H,0
10339,Deodorant H,0
10340,Deodorant H,0
10341,Deodorant H,0
10342,Deodorant H,0
10343,Deodorant H,0
10344,Deodorant H,0
10345,Deodorant H,0
10346,Deodorant H,0
10347,Deodorant H,0
10348,Deodorant H,0
10349,Deodorant H,0
10350,Deodorant H,0
10351,Deodorant H,0
10352,Deodorant H,0
10353,Deodorant H,0
10354,Deodorant H,0
10355,Deodorant H,0
10356,Deodorant H,0
10357,Deodorant H,0
10358,Deodorant H,0
10359,Deodorant H,0
10360,Deodorant H,0
10361,Deodorant H,0
10362,Deodorant H,0
10363,Deodorant H,0
10364,Deodorant H,0
10365,Deodorant H,0
10366,Deodorant H,0
10367,Deodorant H,0
10368,Deodorant H,0
10369,Deodorant H,0
10370,Deodorant H,0
10371,Deodorant H,0
10372,Deodorant H,0
10373,Deodorant H,0
10374,Deodorant H,0
10375,Deodorant H,0
10376,Deodorant H,0
10377,Deodorant H,0
10378,Deodorant H,0
10379,Deodorant H,0
10380,Deodorant H,0
10381,Deodorant H,0
10382,Deodorant H,0
10383,Deodorant H,0
10384,Deodorant H,0
10385,Deodorant H,0
10386,Deodorant H,0
10387,Deodorant H,0
10388,Deodorant H,0
10389,Deodorant H,0
10390,Deodorant H,0
10391,Deodorant H,0
10392,Deodorant H,0
10393,Deodorant H,0
10394,Deodorant H,0
10395,Deodorant H,0
10396,Deodorant H,0
10397,Deodorant H,0
10398,Deodorant H,0
10399,Deodorant H,0
10400,Deodorant H,0
10401,Deodorant H,0
10402,Deodorant H,0
10403,Deodorant H,0
10404,Deodorant H,0
10405,Deodorant H,0
10406,Deodorant H,0
10407,Deodorant H,0
10408,Deodorant H,0
10409,Deodorant H,0
10410,Deodorant H,0
10411,Deodorant H,0
10412,Deodorant H,0
10413,Deodorant H,0
10414,Deodorant H,0
10415,Deodorant H,0
10416,Deodorant H,0
10417,Deodorant H,0
10418,Deodorant H,0
10419,Deodorant H,0
10420,Deodorant H,0
10421,Deodorant H,0
10422,Deodorant H,0
10423,Deodorant H,0
10424,Deodorant H,0
10425,Deodorant H,0
10426,Deodorant H,0
10427,Deodorant H,0
10428,Deodorant H,0
10429,Deodorant H,0
10430,Deodorant H,0
10431,Deodorant H,0
10432,Deodorant H,0
10433,Deodorant H,0
10434,Deodorant H,0
10435,Deodorant H,0
10436,Deodorant H,0
10437,Deodorant H,0
10438,Deodorant H,0
10439,Deodorant H,0
10440,Deodorant H,0
10441,Deodorant H,0
10442,Deodorant H,0
10443,Deodorant H,0
10444,Deodorant H,0
10445,Deodorant H,0
10446,Deodorant H,0
10447,Deodorant H,0
10448,Deodorant H,0
10449,Deodorant H,0
10450,Deodorant H,0
10451,Deodorant H,0
10452,Deodorant H,0
10453,Deodorant H,0
10454,Deodorant H,0
10455,Deodorant H,0
10456,Deodorant H,0
10457,Deodorant H,0
10458,Deodorant H,0
10459,Deodorant H,0
10460,Deodorant H,0
10461,Deodorant H,0
10462,Deodorant H,0
10463,Deodorant H,0
10464,Deodorant H,0
10465,Deodorant H,0
10466,Deodorant H,0
10467,Deodorant H,0
10468,Deodorant H,0
10469,Deodorant H,0
10470,Deodorant H,0
10471,Deodorant H,0
10472,Deodorant H,0
10473,Deodorant H,0
10474,Deodorant H,0
10475,Deodorant H,0
10476,Deodorant H,0
10477,Deodorant H,0
10478,Deodorant H,0
10479,Deodorant H,0
10480,Deodorant H,0
10481,Deodorant H,0
10482,Deodorant H,0
10483,Deodorant H,0
10484,Deodorant H,0
10485,Deodorant H,0
10486,Deodorant H,0
10487,Deodorant H,0
10488,Deodorant H,0
10489,Deodorant H,0
10490,Deodorant H,0
10491,Deodorant H,0
10492,Deodorant H,0
10493,Deodorant H,0
10494,Deodorant H,0
10495,Deodorant H,0
10496,Deodorant H,0
10497,Deodorant H,0
10498,Deodorant H,0
10499,Deodorant H,0
10500,Deodorant H,0
10501,Deodorant H,0
10502,Deodorant H,0
10503,Deodorant H,0
10504,Deodorant H,0
10505,Deodorant H,0
10506,Deodorant H,0
10507,Deodorant H,0
10508,Deodorant H,0
10509,Deodorant H,0
10510,Deodorant H,0
10511,Deodorant H,0
10512,Deodorant H,0
10513,Deodorant H,0
10514,Deodorant H,0
10515,Deodorant H,0
10516,Deodorant H,0
10517,Deodorant H,0
10518,Deodorant H,0
10519,Deodorant H,0
10520,Deodorant H,0
10521,Deodorant H,0
10522,Deodorant H,0
10523,Deodorant H,0
10524,Deodorant H,0
10525,Deodorant H,0
10526,Deodorant H,0
10527,Deodorant H,0
10528,Deodorant H,0
10529,Deodorant H,0
10530,Deodorant H,0
10531,Deodorant H,0
10532,Deodorant H,0
10533,Deodorant H,0
10534,Deodorant H,0
10535,Deodorant H,0
10536,Deodorant H,0
10537,Deodorant H,0
10538,Deodorant H,0
10539,Deodorant H,0
10540,Deodorant H,0
10541,Deodorant H,0
10542,Deodorant H,0
10543,Deodorant H,0
10544,Deodorant H,0
10545,Deodorant H,0
10546,Deodorant H,0
10547,Deodorant H,0
10548,Deodorant H,0
10549,Deodorant H,0
10550,Deodorant H,0
10551,Deodorant H,0
10552,Deodorant H,0
10553,Deodorant H,0
10554,Deodorant H,0
10555,Deodorant H,0
10556,Deodorant H,0
10557,Deodorant H,0
10558,Deodorant H,0
10559,Deodorant H,0
10560,Deodorant H,0
10561,Deodorant H,0
10562,Deodorant H,0
10563,Deodorant H,0
10564,Deodorant H,0
10565,Deodorant H,0
10566,Deodorant H,0
10567,Deodorant H,0
10568,Deodorant H,0
10569,Deodorant H,0
10570,Deodorant H,0
10571,Deodorant H,0
10572,Deodorant H,0
10573,Deodorant H,0
10574,Deodorant H,0
10575,Deodorant H,0
10576,Deodorant H,0
10577,Deodorant H,0
10578,Deodorant H,0
10579,Deodorant H,0
10580,Deodorant H,0
10581,Deodorant H,0
10582,Deodorant H,0
10583,Deodorant H,0
10584,Deodorant H,0
10585,Deodorant H,0
10586,Deodorant H,0
10587,Deodorant H,0
10588,Deodorant H,0
10589,Deodorant H,0
10590,Deodorant H,0
10591,Deodorant H,0
10592,Deodorant H,0
10593,Deodorant H,0
10594,Deodorant H,0
10595,Deodorant H,0
10596,Deodorant H,0
10597,Deodorant H,0
10598,Deodorant H,0
10599,Deodorant H,0
10600,Deodorant H,0
10601,Deodorant H,0
10602,Deodorant H,0
10603,Deodorant H,0
10604,Deodorant H,0
10605,Deodorant H,0
10606,Deodorant H,0
10607,Deodorant H,0
10608,Deodorant H,0
10609,Deodorant H,0
10610,Deodorant H,0
10611,Deodorant H,0
10612,Deodorant H,0
10613,Deodorant H,0
10614,Deodorant H,0
10615,Deodorant H,0
10616,Deodorant H,0
10617,Deodorant H,0
10618,Deodorant H,0
10619,Deodorant H,0
10620,Deodorant H,0
10621,Deodorant H,0
10622,Deodorant H,0
10623,Deodorant H,0
10624,Deodorant H,0
10625,Deodorant H,0
10626,Deodorant H,0
10627,Deodorant H,0
10628,Deodorant H,0
10629,Deodorant H,0
10630,Deodorant H,0
10631,Deodorant H,0
10632,Deodorant H,0
10633,Deodorant H,0
10634,Deodorant H,0
10635,Deodorant H,0
10636,Deodorant H,0
10637,Deodorant H,0
10638,Deodorant H,0
10639,Deodorant H,0
10640,Deodorant H,0
10641,Deodorant H,0
10642,Deodorant H,0
10643,Deodorant H,0
10644,Deodorant H,0
10645,Deodorant H,0
10646,Deodorant H,0
10647,Deodorant H,0
10648,Deodorant H,0
10649,Deodorant H,0
10650,Deodorant H,0
10651,Deodorant H,0
10652,Deodorant H,0
10653,Deodorant H,0
10654,Deodorant H,0
10655,Deodorant H,0
10656,Deodorant H,0
10657,Deodorant H,0
10658,Deodorant H,0
10659,Deodorant H,0
10660,Deodorant H,0
10661,Deodorant H,0
10662,Deodorant H,0
10663,Deodorant H,0
10664,Deodorant H,0
10665,Deodorant H,0
10666,Deodorant H,0
10667,Deodorant H,0
10668,Deodorant H,0
10669,Deodorant H,0
10670,Deodorant H,0
10671,Deodorant H,0
10672,Deodorant H,0
10673,Deodorant H,0
10674,Deodorant H,0
10675,Deodorant H,0
10676,Deodorant H,0
10677,Deodorant H,0
10678,Deodorant H,0
10679,Deodorant H,0
10680,Deodorant H,0
10681,Deodorant H,0
10682,Deodorant H,0
10683,Deodorant H,0
10684,Deodorant H,0
10685,Deodorant H,0
10686,Deodorant H,0
10687,Deodorant H,0
10688,Deodorant H,0
10689,Deodorant H,0
10690,Deodorant H,0
10691,Deodorant H,0
10692,Deodorant H,0
10693,Deodorant H,0
10694,Deodorant H,0
10695,Deodorant H,0
10696,Deodorant H,0
10697,Deodorant H,0
10698,Deodorant H,0
10699,Deodorant H,0
10700,Deodorant H,0
10701,Deodorant H,0
10702,Deodorant H,0
10703,Deodorant H,0
10704,Deodorant H,0
10705,Deodorant H,0
10706,Deodorant H,0
10707,Deodorant H,0
10708,Deodorant H,0
10709,Deodorant H,0
10710,Deodorant H,0
10711,Deodorant H,0
10712,Deodorant H,0
10713,Deodorant H,0
10714,Deodorant H,0
10715,Deodorant H,0
10716,Deodorant H,0
10717,Deodorant H,0
10718,Deodorant H,0
10719,Deodorant H,0
10720,Deodorant H,0
10721,Deodorant H,0
10722,Deodorant H,0
10723,Deodorant H,0
10724,Deodorant H,0
10725,Deodorant H,0
10726,Deodorant H,0
10727,Deodorant H,0
10728,Deodorant H,0
10729,Deodorant H,0
10730,Deodorant H,0
10731,Deodorant H,0
10732,Deodorant H,0
10733,Deodorant H,0
10734,Deodorant H,0
10735,Deodorant H,0
10736,Deodorant H,0
10737,Deodorant H,0
10738,Deodorant H,0
10739,Deodorant H,0
10740,Deodorant H,0
10741,Deodorant H,0
10742,Deodorant H,0
10743,Deodorant H,0
10744,Deodorant H,0
10745,Deodorant H,0
10746,Deodorant H,0
10747,Deodorant H,0
10748,Deodorant H,0
10749,Deodorant H,0
10750,Deodorant H,0
10751,Deodorant H,0
10752,Deodorant H,0
10753,Deodorant H,0
10754,Deodorant H,0
10755,Deodorant H,0
10756,Deodorant H,0
10757,Deodorant H,0
10758,Deodorant H,0
10759,Deodorant H,0
10760,Deodorant H,0
10761,Deodorant H,0
10762,Deodorant H,0
10763,Deodorant H,0
10764,Deodorant H,0
10765,Deodorant H,0
10766,Deodorant H,0
10767,Deodorant H,0
10768,Deodorant H,0
10769,Deodorant H,0
10770,Deodorant H,0
10771,Deodorant H,0
10772,Deodorant H,0
10773,Deodorant H,0
10774,Deodorant H,0
10775,Deodorant H,0
10776,Deodorant H,0
10777,Deodorant H,0
10778,Deodorant H,0
10779,Deodorant H,0
10780,Deodorant H,0
10781,Deodorant H,0
10782,Deodorant H,0
10783,Deodorant H,0
10784,Deodorant H,0
10785,Deodorant H,0
10786,Deodorant H,0
10787,Deodorant H,0
10788,Deodorant H,0
10789,Deodorant H,0
10790,Deodorant H,0
10791,Deodorant H,0
10792,Deodorant H,0
10793,Deodorant H,0
10794,Deodorant H,0
10795,Deodorant H,0
10796,Deodorant H,0
10797,Deodorant H,0
10798,Deodorant H,0
10799,Deodorant H,0
15040,Deodorant H,0
15118,Deodorant H,0
15120,Deodorant H,0
15125,Deodorant H,0
15184,Deodorant H,0
15187,Deodorant H,0
15228,Deodorant H,0
15266,Deodorant H,0
15342,Deodorant H,0
15350,Deodorant H,0
15407,Deodorant H,0
15418,Deodorant H,0
15432,Deodorant H,0
15441,Deodorant H,0
15442,Deodorant H,0
15457,Deodorant H,0
15461,Deodorant H,0
15468,Deodorant H,0
15476,Deodorant H,0
15485,Deodorant H,0
15491,Deodorant H,0
15498,Deodorant H,0
15503,Deodorant H,0
15514,Deodorant H,0
15516,Deodorant H,0
15517,Deodorant H,0
15519,Deodorant H,0
15520,Deodorant H,0
15527,Deodorant H,0
15528,Deodorant H,0
15531,Deodorant H,0
15541,Deodorant H,0
15547,Deodorant H,0
15551,Deodorant H,0
15554,Deodorant H,0
15557,Deodorant H,0
15564,Deodorant H,0
15568,Deodorant H,0
15590,Deodorant H,0
15598,Deodorant H,0
15605,Deodorant H,0
15607,Deodorant H,0
15610,Deodorant H,0
15622,Deodorant H,0
15631,Deodorant H,0
15635,Deodorant H,0
15648,Deodorant H,0
15656,Deodorant H,0
15657,Deodorant H,0
15660,Deodorant H,0
15664,Deodorant H,0
15676,Deodorant H,0
15687,Deodorant H,0
15689,Deodorant H,0
15691,Deodorant H,0
15692,Deodorant H,0
15696,Deodorant H,0
15700,Deodorant H,0
15701,Deodorant H,0
15705,Deodorant H,0
15707,Deodorant H,0
15723,Deodorant H,0
15725,Deodorant H,0
15726,Deodorant H,0
15730,Deodorant H,0
15732,Deodorant H,0
15736,Deodorant H,0
15750,Deodorant H,0
15762,Deodorant H,0
15763,Deodorant H,0
15783,Deodorant H,0
15786,Deodorant H,0
15792,Deodorant H,0
15804,Deodorant H,0
15817,Deodorant H,0
15825,Deodorant H,0
15828,Deodorant H,0
15832,Deodorant H,0
15847,Deodorant H,0
15855,Deodorant H,0
15862,Deodorant H,0
15863,Deodorant H,0
15872,Deodorant H,0
15876,Deodorant H,0
15881,Deodorant H,0
15883,Deodorant H,0
15887,Deodorant H,0
15888,Deodorant H,0
15893,Deodorant H,0
15903,Deodorant H,0
15910,Deodorant H,0
15942,Deodorant H,0
15958,Deodorant H,0
15974,Deodorant H,0
15977,Deodorant H,0
15978,Deodorant H,0
15987,Deodorant H,0
15988,Deodorant H,0
15998,Deodorant H,0
16001,Deodorant H,0
16008,Deodorant H,0
16015,Deodorant H,0
16016,Deodorant H,0
16024,Deodorant H,0
16028,Deodorant H,0
16034,Deodorant H,0
16039,Deodorant H,0
16046,Deodorant H,0
16052,Deodorant H,0
16055,Deodorant H,0
16076,Deodorant H,0
16086,Deodorant H,0
16103,Deodorant H,0
16117,Deodorant H,0
16118,Deodorant H,0
16133,Deodorant H,0
16134,Deodorant H,0
16186,Deodorant H,0
16199,Deodorant H,0
16204,Deodorant H,0
16214,Deodorant H,0
16215,Deodorant H,0
5700,Deodorant J,0
5701,Deodorant J,0
5702,Deodorant J,0
5703,Deodorant J,0
5704,Deodorant J,0
5705,Deodorant J,0
5706,Deodorant J,0
5707,Deodorant J,0
5708,Deodorant J,0
5709,Deodorant J,0
5710,Deodorant J,0
5711,Deodorant J,0
5712,Deodorant J,0
5713,Deodorant J,0
5714,Deodorant J,0
5715,Deodorant J,0
5716,Deodorant J,0
5717,Deodorant J,0
5718,Deodorant J,0
5719,Deodorant J,0
5720,Deodorant J,0
5721,Deodorant J,0
5722,Deodorant J,0
5723,Deodorant J,0
5724,Deodorant J,0
5725,Deodorant J,0
5726,Deodorant J,0
5727,Deodorant J,0
5728,Deodorant J,0
5729,Deodorant J,0
5730,Deodorant J,0
5731,Deodorant J,0
5732,Deodorant J,0
5733,Deodorant J,0
5734,Deodorant J,0
5735,Deodorant J,0
5736,Deodorant J,0
5737,Deodorant J,0
5738,Deodorant J,0
5739,Deodorant J,0
5740,Deodorant J,0
5741,Deodorant J,0
5742,Deodorant J,0
5743,Deodorant J,0
5744,Deodorant J,0
5745,Deodorant J,0
5746,Deodorant J,0
5747,Deodorant J,0
5748,Deodorant J,0
5749,Deodorant J,0
5750,Deodorant J,0
5751,Deodorant J,0
5752,Deodorant J,0
5753,Deodorant J,0
5754,Deodorant J,0
5755,Deodorant J,0
5756,Deodorant J,0
5757,Deodorant J,0
5758,Deodorant J,0
5759,Deodorant J,0
5760,Deodorant J,0
5761,Deodorant J,0
5762,Deodorant J,0
5763,Deodorant J,0
5764,Deodorant J,0
5765,Deodorant J,0
5766,Deodorant J,0
5767,Deodorant J,0
5768,Deodorant J,0
5769,Deodorant J,0
5770,Deodorant J,0
5771,Deodorant J,0
5772,Deodorant J,0
5773,Deodorant J,0
5774,Deodorant J,0
5775,Deodorant J,0
5776,Deodorant J,0
5777,Deodorant J,0
5778,Deodorant J,0
5779,Deodorant J,0
5780,Deodorant J,0
5781,Deodorant J,0
5782,Deodorant J,0
5783,Deodorant J,0
5784,Deodorant J,0
5785,Deodorant J,0
5786,Deodorant J,0
5787,Deodorant J,0
5788,Deodorant J,0
5789,Deodorant J,0
5790,Deodorant J,0
5791,Deodorant J,0
5792,Deodorant J,0
5793,Deodorant J,0
5794,Deodorant J,0
5795,Deodorant J,0
5796,Deodorant J,0
5797,Deodorant J,0
5798,Deodorant J,0
5799,Deodorant J,0
5800,Deodorant J,0
5801,Deodorant J,0
5802,Deodorant J,0
5803,Deodorant J,0
5804,Deodorant J,0
5805,Deodorant J,0
5806,Deodorant J,0
5807,Deodorant J,0
5808,Deodorant J,0
5809,Deodorant J,0
5810,Deodorant J,0
5811,Deodorant J,0
5812,Deodorant J,0
5813,Deodorant J,0
5814,Deodorant J,0
5815,Deodorant J,0
5816,Deodorant J,0
5817,Deodorant J,0
5818,Deodorant J,0
5819,Deodorant J,0
5820,Deodorant J,0
5821,Deodorant J,0
5822,Deodorant J,0
5823,Deodorant J,0
5824,Deodorant J,0
5825,Deodorant J,0
5826,Deodorant J,0
5827,Deodorant J,0
5828,Deodorant J,0
5829,Deodorant J,0
5830,Deodorant J,0
5831,Deodorant J,0
5832,Deodorant J,0
5833,Deodorant J,0
5834,Deodorant J,0
5835,Deodorant J,0
5836,Deodorant J,0
5837,Deodorant J,0
5838,Deodorant J,0
5839,Deodorant J,0
5840,Deodorant J,0
5841,Deodorant J,0
5842,Deodorant J,0
5843,Deodorant J,0
5844,Deodorant J,0
5845,Deodorant J,0
5846,Deodorant J,0
5847,Deodorant J,0
5848,Deodorant J,0
5849,Deodorant J,0
5850,Deodorant J,0
5851,Deodorant J,0
5852,Deodorant J,0
5853,Deodorant J,0
5854,Deodorant J,0
5855,Deodorant J,0
5856,Deodorant J,0
5857,Deodorant J,0
5858,Deodorant J,0
5859,Deodorant J,0
5860,Deodorant J,0
5861,Deodorant J,0
5862,Deodorant J,0
5863,Deodorant J,0
5864,Deodorant J,0
5865,Deodorant J,0
5866,Deodorant J,0
5867,Deodorant J,0
5868,Deodorant J,0
5869,Deodorant J,0
5870,Deodorant J,0
5871,Deodorant J,0
5872,Deodorant J,0
5873,Deodorant J,0
5874,Deodorant J,0
5875,Deodorant J,0
5876,Deodorant J,0
5877,Deodorant J,0
5878,Deodorant J,0
5879,Deodorant J,0
5880,Deodorant J,0
5881,Deodorant J,0
5882,Deodorant J,0
5883,Deodorant J,0
5884,Deodorant J,0
5885,Deodorant J,0
5886,Deodorant J,0
5887,Deodorant J,0
5888,Deodorant J,0
5889,Deodorant J,0
5890,Deodorant J,0
5891,Deodorant J,0
5892,Deodorant J,0
5893,Deodorant J,0
5894,Deodorant J,0
5895,Deodorant J,0
5896,Deodorant J,0
5897,Deodorant J,0
5898,Deodorant J,0
5899,Deodorant J,0
5900,Deodorant J,0
5901,Deodorant J,0
5902,Deodorant J,0
5903,Deodorant J,0
5904,Deodorant J,0
5905,Deodorant J,0
5906,Deodorant J,0
5907,Deodorant J,0
5908,Deodorant J,0
5909,Deodorant J,0
5910,Deodorant J,0
5911,Deodorant J,0
5912,Deodorant J,0
5913,Deodorant J,0
5914,Deodorant J,0
5915,Deodorant J,0
5916,Deodorant J,0
5917,Deodorant J,0
5918,Deodorant J,0
5919,Deodorant J,0
5920,Deodorant J,0
5921,Deodorant J,0
5922,Deodorant J,0
5923,Deodorant J,0
5924,Deodorant J,0
5925,Deodorant J,0
5926,Deodorant J,0
5927,Deodorant J,0
5928,Deodorant J,0
5929,Deodorant J,0
5930,Deodorant J,0
5931,Deodorant J,0
5932,Deodorant J,0
5933,Deodorant J,0
5934,Deodorant J,0
5935,Deodorant J,0
5936,Deodorant J,0
5937,Deodorant J,0
5938,Deodorant J,0
5939,Deodorant J,0
5940,Deodorant J,0
5941,Deodorant J,0
5942,Deodorant J,0
5943,Deodorant J,0
5944,Deodorant J,0
5945,Deodorant J,0
5946,Deodorant J,0
5947,Deodorant J,0
5948,Deodorant J,0
5949,Deodorant J,0
5950,Deodorant J,0
5951,Deodorant J,0
5952,Deodorant J,0
5953,Deodorant J,0
5954,Deodorant J,0
5955,Deodorant J,0
5956,Deodorant J,0
5957,Deodorant J,0
5958,Deodorant J,0
5959,Deodorant J,0
5960,Deodorant J,0
5961,Deodorant J,0
5962,Deodorant J,0
5963,Deodorant J,0
5964,Deodorant J,0
5965,Deodorant J,0
5966,Deodorant J,0
5967,Deodorant J,0
5968,Deodorant J,0
5969,Deodorant J,0
5970,Deodorant J,0
5971,Deodorant J,0
5972,Deodorant J,0
5973,Deodorant J,0
5974,Deodorant J,0
5975,Deodorant J,0
5976,Deodorant J,0
5977,Deodorant J,0
5978,Deodorant J,0
5979,Deodorant J,0
5980,Deodorant J,0
5981,Deodorant J,0
5982,Deodorant J,0
5983,Deodorant J,0
5984,Deodorant J,0
5985,Deodorant J,0
5986,Deodorant J,0
5987,Deodorant J,0
5988,Deodorant J,0
5989,Deodorant J,0
5990,Deodorant J,0
5991,Deodorant J,0
5992,Deodorant J,0
5993,Deodorant J,0
5994,Deodorant J,0
5995,Deodorant J,0
5996,Deodorant J,0
5997,Deodorant J,0
5998,Deodorant J,0
5999,Deodorant J,0
6000,Deodorant J,0
6001,Deodorant J,0
6002,Deodorant J,0
6003,Deodorant J,0
6004,Deodorant J,0
6005,Deodorant J,0
6006,Deodorant J,0
6007,Deodorant J,0
6008,Deodorant J,0
6009,Deodorant J,0
6010,Deodorant J,0
6011,Deodorant J,0
6012,Deodorant J,0
6013,Deodorant J,0
6014,Deodorant J,0
6015,Deodorant J,0
6016,Deodorant J,0
6017,Deodorant J,0
6018,Deodorant J,0
6019,Deodorant J,0
6020,Deodorant J,0
6021,Deodorant J,0
6022,Deodorant J,0
6023,Deodorant J,0
6024,Deodorant J,0
6025,Deodorant J,0
6026,Deodorant J,0
6027,Deodorant J,0
6028,Deodorant J,0
6029,Deodorant J,0
6030,Deodorant J,0
6031,Deodorant J,0
6032,Deodorant J,0
6033,Deodorant J,0
6034,Deodorant J,0
6035,Deodorant J,0
6036,Deodorant J,0
6037,Deodorant J,0
6038,Deodorant J,0
6039,Deodorant J,0
6040,Deodorant J,0
6041,Deodorant J,0
6042,Deodorant J,0
6043,Deodorant J,0
6044,Deodorant J,0
6045,Deodorant J,0
6046,Deodorant J,0
6047,Deodorant J,0
6048,Deodorant J,0
6049,Deodorant J,0
6050,Deodorant J,0
6051,Deodorant J,0
6052,Deodorant J,0
6053,Deodorant J,0
6054,Deodorant J,0
6055,Deodorant J,0
6056,Deodorant J,0
6057,Deodorant J,0
6058,Deodorant J,0
6059,Deodorant J,0
6060,Deodorant J,0
6061,Deodorant J,0
6062,Deodorant J,0
6063,Deodorant J,0
6064,Deodorant J,0
6065,Deodorant J,0
6066,Deodorant J,0
6067,Deodorant J,0
6068,Deodorant J,0
6069,Deodorant J,0
6070,Deodorant J,0
6071,Deodorant J,0
6072,Deodorant J,0
6073,Deodorant J,0
6074,Deodorant J,0
6075,Deodorant J,0
6076,Deodorant J,0
6077,Deodorant J,0
6078,Deodorant J,0
6079,Deodorant J,0
6080,Deodorant J,0
6081,Deodorant J,0
6082,Deodorant J,0
6083,Deodorant J,0
6084,Deodorant J,0
6085,Deodorant J,0
6086,Deodorant J,0
6087,Deodorant J,0
6088,Deodorant J,0
6089,Deodorant J,0
6090,Deodorant J,0
6091,Deodorant J,0
6092,Deodorant J,0
6093,Deodorant J,0
6094,Deodorant J,0
6095,Deodorant J,0
6096,Deodorant J,0
6097,Deodorant J,0
6098,Deodorant J,0
6099,Deodorant J,0
6100,Deodorant J,0
6101,Deodorant J,0
6102,Deodorant J,0
6103,Deodorant J,0
6104,Deodorant J,0
6105,Deodorant J,0
6106,Deodorant J,0
6107,Deodorant J,0
6108,Deodorant J,0
6109,Deodorant J,0
6110,Deodorant J,0
6111,Deodorant J,0
6112,Deodorant J,0
6113,Deodorant J,0
6114,Deodorant J,0
6115,Deodorant J,0
6116,Deodorant J,0
6117,Deodorant J,0
6118,Deodorant J,0
6119,Deodorant J,0
6120,Deodorant J,0
6121,Deodorant J,0
6122,Deodorant J,0
6123,Deodorant J,0
6124,Deodorant J,0
6125,Deodorant J,0
6126,Deodorant J,0
6127,Deodorant J,0
6128,Deodorant J,0
6129,Deodorant J,0
6130,Deodorant J,0
6131,Deodorant J,0
6132,Deodorant J,0
6133,Deodorant J,0
6134,Deodorant J,0
6135,Deodorant J,0
6136,Deodorant J,0
6137,Deodorant J,0
6138,Deodorant J,0
6139,Deodorant J,0
6140,Deodorant J,0
6141,Deodorant J,0
6142,Deodorant J,0
6143,Deodorant J,0
6144,Deodorant J,0
6145,Deodorant J,0
6146,Deodorant J,0
6147,Deodorant J,0
6148,Deodorant J,0
6149,Deodorant J,0
6150,Deodorant J,0
6151,Deodorant J,0
6152,Deodorant J,0
6153,Deodorant J,0
6154,Deodorant J,0
6155,Deodorant J,0
6156,Deodorant J,0
6157,Deodorant J,0
6158,Deodorant J,0
6159,Deodorant J,0
6160,Deodorant J,0
6161,Deodorant J,0
6162,Deodorant J,0
6163,Deodorant J,0
6164,Deodorant J,0
6165,Deodorant J,0
6166,Deodorant J,0
6167,Deodorant J,0
6168,Deodorant J,0
6169,Deodorant J,0
6170,Deodorant J,0
6171,Deodorant J,0
6172,Deodorant J,0
6173,Deodorant J,0
6174,Deodorant J,0
6175,Deodorant J,0
6176,Deodorant J,0
6177,Deodorant J,0
6178,Deodorant J,0
6179,Deodorant J,0
6180,Deodorant J,0
6181,Deodorant J,0
6182,Deodorant J,0
6183,Deodorant J,0
6184,Deodorant J,0
6185,Deodorant J,0
6186,Deodorant J,0
6187,Deodorant J,0
6188,Deodorant J,0
6189,Deodorant J,0
6190,Deodorant J,0
6191,Deodorant J,0
6192,Deodorant J,0
6193,Deodorant J,0
6194,Deodorant J,0
6195,Deodorant J,0
6196,Deodorant J,0
6197,Deodorant J,0
6198,Deodorant J,0
6199,Deodorant J,0
6200,Deodorant J,0
6201,Deodorant J,0
6202,Deodorant J,0
6203,Deodorant J,0
6204,Deodorant J,0
6205,Deodorant J,0
6206,Deodorant J,0
6207,Deodorant J,0
6208,Deodorant J,0
6209,Deodorant J,0
6210,Deodorant J,0
6211,Deodorant J,0
6212,Deodorant J,0
6213,Deodorant J,0
6214,Deodorant J,0
6215,Deodorant J,0
6216,Deodorant J,0
6217,Deodorant J,0
6218,Deodorant J,0
6219,Deodorant J,0
6220,Deodorant J,0
6221,Deodorant J,0
6222,Deodorant J,0
6223,Deodorant J,0
6224,Deodorant J,0
6225,Deodorant J,0
6226,Deodorant J,0
6227,Deodorant J,0
6228,Deodorant J,0
6229,Deodorant J,0
6230,Deodorant J,0
6231,Deodorant J,0
6232,Deodorant J,0
6233,Deodorant J,0
6234,Deodorant J,0
6235,Deodorant J,0
6236,Deodorant J,0
6237,Deodorant J,0
6238,Deodorant J,0
6239,Deodorant J,0
6240,Deodorant J,0
6241,Deodorant J,0
6242,Deodorant J,0
6243,Deodorant J,0
6244,Deodorant J,0
6245,Deodorant J,0
6246,Deodorant J,0
6247,Deodorant J,0
6248,Deodorant J,0
6249,Deodorant J,0
6250,Deodorant J,0
6251,Deodorant J,0
6252,Deodorant J,0
6253,Deodorant J,0
6254,Deodorant J,0
6255,Deodorant J,0
6256,Deodorant J,0
6257,Deodorant J,0
6258,Deodorant J,0
6259,Deodorant J,0
6260,Deodorant J,0
6261,Deodorant J,0
6262,Deodorant J,0
6263,Deodorant J,0
6264,Deodorant J,0
6265,Deodorant J,0
6266,Deodorant J,0
6267,Deodorant J,0
6268,Deodorant J,0
6269,Deodorant J,0
6270,Deodorant J,0
6271,Deodorant J,0
6272,Deodorant J,0
6273,Deodorant J,0
6274,Deodorant J,0
6275,Deodorant J,0
6276,Deodorant J,0
6277,Deodorant J,0
6278,Deodorant J,0
6279,Deodorant J,0
6280,Deodorant J,0
6281,Deodorant J,0
6282,Deodorant J,0
6283,Deodorant J,0
6284,Deodorant J,0
6285,Deodorant J,0
6286,Deodorant J,0
6287,Deodorant J,0
6288,Deodorant J,0
6289,Deodorant J,0
6290,Deodorant J,0
6291,Deodorant J,0
6292,Deodorant J,0
6293,Deodorant J,0
6294,Deodorant J,0
6295,Deodorant J,0
6296,Deodorant J,0
6297,Deodorant J,0
6298,Deodorant J,0
6299,Deodorant J,0
6300,Deodorant J,0
6301,Deodorant J,0
6302,Deodorant J,0
6303,Deodorant J,0
6304,Deodorant J,0
6305,Deodorant J,0
6306,Deodorant J,0
6307,Deodorant J,0
6308,Deodorant J,0
6309,Deodorant J,0
6310,Deodorant J,0
6311,Deodorant J,0
6312,Deodorant J,0
6313,Deodorant J,0
6314,Deodorant J,0
6315,Deodorant J,0
6316,Deodorant J,0
6317,Deodorant J,0
6318,Deodorant J,0
6319,Deodorant J,0
6320,Deodorant J,0
6321,Deodorant J,0
6322,Deodorant J,0
6323,Deodorant J,0
6324,Deodorant J,0
6325,Deodorant J,0
6326,Deodorant J,0
6327,Deodorant J,0
6328,Deodorant J,0
6329,Deodorant J,0
6330,Deodorant J,0
6331,Deodorant J,0
6332,Deodorant J,0
6333,Deodorant J,0
6334,Deodorant J,0
6335,Deodorant J,0
6336,Deodorant J,0
6337,Deodorant J,0
6338,Deodorant J,0
6339,Deodorant J,0
6340,Deodorant J,0
6341,Deodorant J,0
6342,Deodorant J,0
6343,Deodorant J,0
6344,Deodorant J,0
6345,Deodorant J,0
6346,Deodorant J,0
6347,Deodorant J,0
6348,Deodorant J,0
6349,Deodorant J,0
6350,Deodorant J,0
6351,Deodorant J,0
6352,Deodorant J,0
6353,Deodorant J,0
6354,Deodorant J,0
6355,Deodorant J,0
6356,Deodorant J,0
6357,Deodorant J,0
6358,Deodorant J,0
6359,Deodorant J,0
6360,Deodorant J,0
6361,Deodorant J,0
6362,Deodorant J,0
6363,Deodorant J,0
6364,Deodorant J,0
6365,Deodorant J,0
6366,Deodorant J,0
6367,Deodorant J,0
6368,Deodorant J,0
6369,Deodorant J,0
6370,Deodorant J,0
6371,Deodorant J,0
6372,Deodorant J,0
6373,Deodorant J,0
6374,Deodorant J,0
6375,Deodorant J,0
6376,Deodorant J,0
6377,Deodorant J,0
6378,Deodorant J,0
6379,Deodorant J,0
6380,Deodorant J,0
6381,Deodorant J,0
6382,Deodorant J,0
6383,Deodorant J,0
6384,Deodorant J,0
6385,Deodorant J,0
6386,Deodorant J,0
6387,Deodorant J,0
6388,Deodorant J,0
6389,Deodorant J,0
6390,Deodorant J,0
6391,Deodorant J,0
6392,Deodorant J,0
6393,Deodorant J,0
6394,Deodorant J,0
6395,Deodorant J,0
6396,Deodorant J,0
6397,Deodorant J,0
6398,Deodorant J,0
6399,Deodorant J,0
6400,Deodorant J,0
6401,Deodorant J,0
6402,Deodorant J,0
6403,Deodorant J,0
6404,Deodorant J,0
6405,Deodorant J,0
6406,Deodorant J,0
6407,Deodorant J,0
6408,Deodorant J,0
6409,Deodorant J,0
6410,Deodorant J,0
6411,Deodorant J,0
6412,Deodorant J,0
6413,Deodorant J,0
6414,Deodorant J,0
6415,Deodorant J,0
6416,Deodorant J,0
6417,Deodorant J,0
6418,Deodorant J,0
6419,Deodorant J,0
6420,Deodorant J,0
6421,Deodorant J,0
6422,Deodorant J,0
6423,Deodorant J,0
6424,Deodorant J,0
6425,Deodorant J,0
6426,Deodorant J,0
6427,Deodorant J,0
6428,Deodorant J,0
6429,Deodorant J,0
6430,Deodorant J,0
6431,Deodorant J,0
6432,Deodorant J,0
6433,Deodorant J,0
6434,Deodorant J,0
6435,Deodorant J,0
6436,Deodorant J,0
6437,Deodorant J,0
6438,Deodorant J,0
6439,Deodorant J,0
6440,Deodorant J,0
6441,Deodorant J,0
6442,Deodorant J,0
6443,Deodorant J,0
6444,Deodorant J,0
6445,Deodorant J,0
6446,Deodorant J,0
6447,Deodorant J,0
6448,Deodorant J,0
6449,Deodorant J,0
6450,Deodorant J,0
6451,Deodorant J,0
6452,Deodorant J,0
6453,Deodorant J,0
6454,Deodorant J,0
6455,Deodorant J,0
6456,Deodorant J,0
6457,Deodorant J,0
6458,Deodorant J,0
6459,Deodorant J,0
6460,Deodorant J,0
6461,Deodorant J,0
6462,Deodorant J,0
6463,Deodorant J,0
6464,Deodorant J,0
6465,Deodorant J,0
6466,Deodorant J,0
6467,Deodorant J,0
6468,Deodorant J,0
6469,Deodorant J,0
6470,Deodorant J,0
6471,Deodorant J,0
6472,Deodorant J,0
6473,Deodorant J,0
6474,Deodorant J,0
6475,Deodorant J,0
6476,Deodorant J,0
6477,Deodorant J,0
6478,Deodorant J,0
6479,Deodorant J,0
6480,Deodorant J,0
6481,Deodorant J,0
6482,Deodorant J,0
6483,Deodorant J,0
6484,Deodorant J,0
6485,Deodorant J,0
6486,Deodorant J,0
6487,Deodorant J,0
6488,Deodorant J,0
6489,Deodorant J,0
6490,Deodorant J,0
6491,Deodorant J,0
6492,Deodorant J,0
6493,Deodorant J,0
6494,Deodorant J,0
6495,Deodorant J,0
6496,Deodorant J,0
6497,Deodorant J,0
6498,Deodorant J,0
6499,Deodorant J,0
6500,Deodorant J,0
6501,Deodorant J,0
6502,Deodorant J,0
6503,Deodorant J,0
6504,Deodorant J,0
6505,Deodorant J,0
6506,Deodorant J,0
6507,Deodorant J,0
6508,Deodorant J,0
6509,Deodorant J,0
6510,Deodorant J,0
6511,Deodorant J,0
6512,Deodorant J,0
6513,Deodorant J,0
6514,Deodorant J,0
6515,Deodorant J,0
6516,Deodorant J,0
6517,Deodorant J,0
6518,Deodorant J,0
6519,Deodorant J,0
6520,Deodorant J,0
6521,Deodorant J,0
6522,Deodorant J,0
6523,Deodorant J,0
6524,Deodorant J,0
6525,Deodorant J,0
6526,Deodorant J,0
6527,Deodorant J,0
6528,Deodorant J,0
6529,Deodorant J,0
6530,Deodorant J,0
6531,Deodorant J,0
6532,Deodorant J,0
6533,Deodorant J,0
6534,Deodorant J,0
6535,Deodorant J,0
6536,Deodorant J,0
6537,Deodorant J,0
6538,Deodorant J,0
6539,Deodorant J,0
6540,Deodorant J,0
6541,Deodorant J,0
6542,Deodorant J,0
6543,Deodorant J,0
6544,Deodorant J,0
6545,Deodorant J,0
6546,Deodorant J,0
6547,Deodorant J,0
6548,Deodorant J,0
6549,Deodorant J,0
6550,Deodorant J,0
6551,Deodorant J,0
6552,Deodorant J,0
6553,Deodorant J,0
6554,Deodorant J,0
6555,Deodorant J,0
6556,Deodorant J,0
6557,Deodorant J,0
6558,Deodorant J,0
6559,Deodorant J,0
6560,Deodorant J,0
6561,Deodorant J,0
6562,Deodorant J,0
6563,Deodorant J,0
6564,Deodorant J,0
6565,Deodorant J,0
6566,Deodorant J,0
6567,Deodorant J,0
6568,Deodorant J,0
6569,Deodorant J,0
6570,Deodorant J,0
6571,Deodorant J,0
6572,Deodorant J,0
6573,Deodorant J,0
6574,Deodorant J,0
6575,Deodorant J,0
6576,Deodorant J,0
6577,Deodorant J,0
6578,Deodorant J,0
6579,Deodorant J,0
6580,Deodorant J,0
6581,Deodorant J,0
6582,Deodorant J,0
6583,Deodorant J,0
6584,Deodorant J,0
6585,Deodorant J,0
6586,Deodorant J,0
6587,Deodorant J,0
6588,Deodorant J,0
6589,Deodorant J,0
6590,Deodorant J,0
6591,Deodorant J,0
6592,Deodorant J,0
6593,Deodorant J,0
6594,Deodorant J,0
6595,Deodorant J,0
6596,Deodorant J,0
6597,Deodorant J,0
6598,Deodorant J,0
6599,Deodorant J,0
15007,Deodorant J,0
15089,Deodorant J,0
15093,Deodorant J,0
15122,Deodorant J,0
15148,Deodorant J,0
15250,Deodorant J,0
15264,Deodorant J,0
15273,Deodorant J,0
15302,Deodorant J,0
15332,Deodorant J,0
15335,Deodorant J,0
15356,Deodorant J,0
15374,Deodorant J,0
15396,Deodorant J,0
15415,Deodorant J,0
15469,Deodorant J,0
15471,Deodorant J,0
15475,Deodorant J,0
15480,Deodorant J,0
15540,Deodorant J,0
15556,Deodorant J,0
15562,Deodorant J,0
15601,Deodorant J,0
15746,Deodorant J,0
15764,Deodorant J,0
15773,Deodorant J,0
15780,Deodorant J,0
15789,Deodorant J,0
15790,Deodorant J,0
15791,Deodorant J,0
15793,Deodorant J,0
15801,Deodorant J,0
15802,Deodorant J,0
15803,Deodorant J,0
15806,Deodorant J,0
15807,Deodorant J,0
15818,Deodorant J,0
15820,Deodorant J,0
15821,Deodorant J,0
15822,Deodorant J,0
15824,Deodorant J,0
15827,Deodorant J,0
15853,Deodorant J,0
15857,Deodorant J,0
15868,Deodorant J,0
15880,Deodorant J,0
15885,Deodorant J,0
15889,Deodorant J,0
15896,Deodorant J,0
15897,Deodorant J,0
15898,Deodorant J,0
15899,Deodorant J,0
15905,Deodorant J,0
15907,Deodorant J,0
15915,Deodorant J,0
15917,Deodorant J,0
15921,Deodorant J,0
15928,Deodorant J,0
15932,Deodorant J,0
15933,Deodorant J,0
15937,Deodorant J,0
15939,Deodorant J,0
15940,Deodorant J,0
15943,Deodorant J,0
15944,Deodorant J,0
15946,Deodorant J,0
15947,Deodorant J,0
15948,Deodorant J,0
15950,Deodorant J,0
15969,Deodorant J,0
15971,Deodorant J,0
15976,Deodorant J,0
15985,Deodorant J,0
15996,Deodorant J,0
16027,Deodorant J,0
16035,Deodorant J,0
16040,Deodorant J,0
16041,Deodorant J,0
16054,Deodorant J,0
16056,Deodorant J,0
16059,Deodorant J,0
16060,Deodorant J,0
16064,Deodorant J,0
16070,Deodorant J,0
16072,Deodorant J,0
16073,Deodorant J,0
16078,Deodorant J,0
16079,Deodorant J,0
16080,Deodorant J,0
16083,Deodorant J,0
16084,Deodorant J,0
16087,Deodorant J,0
16090,Deodorant J,0
16091,Deodorant J,0
16094,Deodorant J,0
16095,Deodorant J,0
16097,Deodorant J,0
16098,Deodorant J,0
16108,Deodorant J,0
16114,Deodorant J,0
16115,Deodorant J,0
16128,Deodorant J,0
16130,Deodorant J,0
16135,Deodorant J,0
16136,Deodorant J,0
16138,Deodorant J,0
16143,Deodorant J,0
16146,Deodorant J,0
16147,Deodorant J,0
16151,Deodorant J,0
16153,Deodorant J,0
16177,Deodorant J,0
16178,Deodorant J,0
16179,Deodorant J,0
16180,Deodorant J,0
16181,Deodorant J,0
16182,Deodorant J,0
16185,Deodorant J,0
16191,Deodorant J,0
16192,Deodorant J,0
16195,Deodorant J,0
16201,Deodorant J,0
